Date,Time,Energy_kWh,Occupants,Lights,Fans,AC_Usage_Hours,Computer_Usage_Hours,Appliance_Operating_Hours,Temperature,Humidity,Is_Weekend
2025-01-01,00:00,1.605,2,16,1,0.0,0.24,0.82,15.0,65.3,0
2025-01-01,01:00,0.68,3,8,1,0.0,0.16,0.39,15.9,56.1,0
2025-01-01,02:00,0.465,2,3,0,0.0,0.27,0.27,15.8,60.6,0
2025-01-01,03:00,0.574,2,2,1,0.0,0.03,0.41,17.1,65.3,0
2025-01-01,04:00,0.809,1,1,0,0.0,0.27,0.89,17.7,58.9,0
2025-01-01,05:00,0.694,1,2,0,0.0,0.25,0.68,15.5,48.5,0
2025-01-01,06:00,0.736,2,4,0,0.0,0.32,0.68,17.0,56.3,0
2025-01-01,07:00,0.679,3,2,0,0.0,0.32,0.6,19.6,81.2,0
2025-01-01,08:00,0.563,3,3,0,0.0,0.05,0.72,19.5,75.3,0
2025-01-01,09:00,0.764,2,0,0,0.0,0.83,0.8,19.2,55.9,0
2025-01-01,10:00,0.424,1,0,0,0.0,0.63,0.38,21.2,75.4,0
2025-01-01,11:00,2.087,1,1,0,0.0,1.0,0.31,19.8,79.3,0
2025-01-01,12:00,0.345,0,0,0,0.0,0.0,0.17,21.3,50.7,0
2025-01-01,13:00,0.547,2,2,0,0.0,0.38,0.45,22.7,83.3,0
2025-01-01,14:00,0.411,0,0,0,0.0,0.0,0.21,22.2,55.0,0
2025-01-01,15:00,0.932,2,0,1,0.0,0.72,0.88,19.1,74.5,0
2025-01-01,16:00,0.703,1,0,0,0.0,0.56,0.83,22.4,46.5,0
2025-01-01,17:00,1.204,1,0,0,0.0,1.0,0.25,22.7,74.2,0
2025-01-01,18:00,0.806,2,3,1,0.0,0.7,0.53,22.6,76.5,0
2025-01-01,19:00,1.021,2,4,1,0.0,0.77,0.89,20.3,72.0,0
2025-01-01,20:00,0.726,3,5,0,0.0,0.61,0.5,21.5,67.7,0
2025-01-01,21:00,0.999,2,2,1,0.0,0.89,0.88,23.1,42.7,0
2025-01-01,22:00,0.658,2,3,0,0.0,0.34,0.47,22.3,57.0,0
2025-01-01,23:00,0.917,4,13,2,0.0,0.25,0.31,21.5,52.4,0
2025-01-02,00:00,0.688,2,5,0,0.0,0.2,0.55,16.4,63.4,0
2025-01-02,01:00,0.771,2,5,0,0.0,0.04,0.82,15.0,72.6,0
2025-01-02,02:00,0.656,2,5,1,0.0,0.33,0.34,15.0,59.2,0
2025-01-02,03:00,0.771,2,5,0,0.0,0.16,0.9,15.4,62.7,0
2025-01-02,04:00,0.802,2,6,1,0.0,0.31,0.46,17.6,68.3,0
2025-01-02,05:00,0.66,3,3,2,0.0,0.1,0.66,19.3,41.4,0
2025-01-02,06:00,0.686,1,2,0,0.0,0.21,0.7,18.4,68.3,0
2025-01-02,07:00,0.436,3,0,1,0.0,0.1,0.2,20.2,41.7,0
2025-01-02,08:00,0.574,3,2,1,0.0,0.0,0.25,18.6,58.6,0
2025-01-02,09:00,0.294,0,0,0,0.0,0.0,0.25,18.0,71.6,0
2025-01-02,10:00,0.395,0,0,0,0.0,0.0,0.22,21.9,45.7,0
2025-01-02,11:00,0.806,2,3,1,0.0,0.92,0.22,19.9,76.6,0
2025-01-02,12:00,0.815,1,1,0,0.0,0.49,0.75,19.8,83.7,0
2025-01-02,13:00,1.247,0,16,0,0.0,0.0,0.11,23.1,64.5,0
2025-01-02,14:00,0.77,1,0,0,0.0,0.78,0.79,21.8,66.0,0
2025-01-02,15:00,0.85,2,0,1,0.0,0.54,0.75,22.4,60.9,0
2025-01-02,16:00,0.668,2,0,0,0.0,0.61,0.56,22.9,61.0,0
2025-01-02,17:00,0.321,0,1,0,0.0,0.0,0.19,20.7,62.5,0
2025-01-02,18:00,0.846,2,5,0,0.0,0.79,0.59,24.3,75.6,0
2025-01-02,19:00,0.648,2,4,1,0.0,0.51,0.35,24.1,60.6,0
2025-01-02,20:00,1.013,2,5,1,0.0,0.86,0.87,21.5,57.0,0
2025-01-02,21:00,0.71,1,3,0,0.0,0.52,0.76,20.4,56.1,0
2025-01-02,22:00,0.836,2,5,0,0.0,0.92,0.6,25.2,68.1,0
2025-01-02,23:00,0.895,3,9,2,0.0,0.27,0.35,20.4,72.4,0
2025-01-03,00:00,0.574,2,6,0,0.0,0.05,0.53,15.0,56.5,0
2025-01-03,01:00,0.775,3,9,1,0.0,0.32,0.51,15.0,67.4,0
2025-01-03,02:00,0.782,3,9,0,0.0,0.27,0.54,16.6,57.5,0
2025-01-03,03:00,0.572,3,4,0,0.0,0.13,0.31,17.6,66.1,0
2025-01-03,04:00,0.74,2,2,1,0.0,0.14,0.74,15.9,70.9,0
2025-01-03,05:00,0.882,4,7,1,0.0,0.31,0.79,17.3,55.3,0
2025-01-03,06:00,0.597,3,6,0,0.0,0.17,0.47,17.8,47.2,0
2025-01-03,07:00,0.75,4,3,3,0.0,0.21,0.66,16.7,77.9,0
2025-01-03,08:00,0.518,1,0,0,0.0,0.16,0.44,17.0,74.3,0
2025-01-03,09:00,0.421,0,0,0,0.0,0.0,0.26,19.1,47.4,0
2025-01-03,10:00,0.326,0,0,0,0.0,0.0,0.24,23.0,71.9,0
2025-01-03,11:00,0.431,0,0,0,0.0,0.0,0.19,20.1,81.7,0
2025-01-03,12:00,0.251,0,0,0,0.0,0.0,0.26,20.8,45.9,0
2025-01-03,13:00,0.619,1,1,0,0.0,0.79,0.41,20.4,69.4,0
2025-01-03,14:00,0.524,1,0,0,0.0,0.76,0.25,22.6,44.9,0
2025-01-03,15:00,0.299,0,0,0,0.0,0.0,0.1,22.0,51.5,0
2025-01-03,16:00,0.72,1,1,0,0.0,0.63,0.78,20.6,61.1,0
2025-01-03,17:00,0.321,0,0,0,0.0,0.0,0.2,21.9,69.6,0
2025-01-03,18:00,0.795,2,4,0,0.0,0.5,0.62,21.4,62.8,0
2025-01-03,19:00,0.845,2,4,0,0.0,0.63,0.7,21.4,65.2,0
2025-01-03,20:00,0.666,2,3,1,0.0,0.56,0.59,23.3,62.1,0
2025-01-03,21:00,0.881,2,3,1,0.0,0.52,0.72,25.5,53.1,0
2025-01-03,22:00,1.014,3,5,1,0.0,0.83,0.62,21.6,56.3,0
2025-01-03,23:00,0.573,3,4,0,0.0,0.02,0.4,21.3,57.1,0
2025-01-04,00:00,0.58,2,2,0,0.0,0.17,0.44,15.0,54.3,1
2025-01-04,01:00,0.927,3,7,2,0.0,0.05,0.77,15.1,69.7,1
2025-01-04,02:00,0.751,3,6,1,0.0,0.22,0.74,16.5,69.8,1
2025-01-04,03:00,0.782,3,4,2,0.0,0.03,0.73,18.1,55.8,1
2025-01-04,04:00,0.747,3,7,0,0.0,0.14,0.68,16.8,69.8,1
2025-01-04,05:00,0.777,2,3,0,0.0,0.28,0.61,17.5,61.2,1
2025-01-04,06:00,0.49,3,4,0,0.0,0.05,0.24,18.2,69.4,1
2025-01-04,07:00,0.592,3,1,1,0.0,0.1,0.58,17.0,75.1,1
2025-01-04,08:00,1.881,4,4,0,0.0,1.0,0.67,17.1,53.4,1
2025-01-04,09:00,0.712,3,2,0,0.0,1.0,0.51,18.5,65.1,1
2025-01-04,10:00,0.497,3,1,0,0.0,0.41,0.49,21.6,60.2,1
2025-01-04,11:00,0.783,2,0,0,0.0,0.84,0.81,20.8,63.1,1
2025-01-04,12:00,0.707,3,0,1,0.0,0.74,0.55,23.6,61.1,1
2025-01-04,13:00,0.866,4,3,0,0.0,0.74,0.76,21.7,67.9,1
2025-01-04,14:00,0.855,3,1,2,0.0,0.38,0.86,21.8,63.8,1
2025-01-04,15:00,0.727,3,2,1,0.0,0.62,0.3,21.6,58.3,1
2025-01-04,16:00,2.092,2,0,1,0.0,1.0,0.44,20.7,53.3,1
2025-01-04,17:00,0.793,4,3,1,0.0,0.53,0.73,21.5,49.6,1
2025-01-04,18:00,0.905,5,8,1,0.0,0.9,0.49,24.7,51.9,1
2025-01-04,19:00,0.968,4,10,0,0.0,0.98,0.29,23.7,39.0,1
2025-01-04,20:00,0.883,4,5,3,0.0,0.31,0.3,22.1,66.0,1
2025-01-04,21:00,0.822,4,8,0,0.0,0.53,0.67,19.9,65.1,1
2025-01-04,22:00,0.908,4,9,2,0.0,0.73,0.36,23.5,57.1,1
2025-01-04,23:00,2.149,4,11,0,0.0,1.0,0.41,20.7,86.3,1
2025-01-05,00:00,0.727,2,4,1,0.0,0.28,0.32,15.0,76.3,1
2025-01-05,01:00,0.597,2,4,0,0.0,0.09,0.21,16.4,67.3,1
2025-01-05,02:00,0.648,2,4,0,0.0,0.21,0.65,17.2,56.7,1
2025-01-05,03:00,0.941,3,5,1,0.0,0.2,0.89,16.7,68.9,1
2025-01-05,04:00,0.661,3,7,2,0.0,0.26,0.23,18.6,62.5,1
2025-01-05,05:00,1.035,4,8,2,0.0,0.22,0.67,16.5,61.9,1
2025-01-05,06:00,0.873,4,13,2,0.0,0.11,0.51,16.8,49.7,1
2025-01-05,07:00,0.742,2,0,1,0.0,0.34,0.57,17.7,60.5,1
2025-01-05,08:00,0.891,4,3,3,0.0,0.26,0.44,19.6,57.0,1
2025-01-05,09:00,0.991,4,7,3,0.0,0.86,0.46,21.8,81.6,1
2025-01-05,10:00,0.989,3,3,2,0.0,0.71,0.78,21.7,63.4,1
2025-01-05,11:00,0.795,3,4,0,0.0,0.34,0.78,20.5,83.7,1
2025-01-05,12:00,0.612,2,3,0,0.0,0.64,0.27,20.8,72.6,1
2025-01-05,13:00,0.744,5,3,3,0.0,0.41,0.49,21.1,54.8,1
2025-01-05,14:00,0.858,5,0,1,0.0,0.61,0.87,20.7,63.7,1
2025-01-05,15:00,0.696,3,2,0,0.0,0.39,0.79,21.7,35.8,1
2025-01-05,16:00,0.593,3,0,2,0.0,0.47,0.29,21.5,50.2,1
2025-01-05,17:00,0.635,4,2,0,0.0,0.93,0.2,22.3,63.7,1
2025-01-05,18:00,0.591,3,4,1,0.0,0.32,0.21,22.9,65.6,1
2025-01-05,19:00,1.094,4,9,2,0.0,0.63,0.74,21.6,63.9,1
2025-01-05,20:00,0.902,5,6,3,0.0,0.91,0.57,23.4,68.6,1
2025-01-05,21:00,0.872,4,9,3,0.0,0.35,0.26,23.0,51.4,1
2025-01-05,22:00,0.938,4,9,1,0.0,1.0,0.57,22.8,64.8,1
2025-01-05,23:00,0.794,4,11,2,0.0,0.08,0.52,22.0,56.3,1
2025-01-06,00:00,0.636,2,2,0,0.0,0.23,0.46,15.0,76.3,0
2025-01-06,01:00,0.593,1,2,0,0.0,0.19,0.61,17.5,67.4,0
2025-01-06,02:00,0.901,2,5,1,0.0,0.3,0.7,15.5,71.1,0
2025-01-06,03:00,0.628,3,5,0,0.0,0.3,0.46,16.0,60.2,0
2025-01-06,04:00,1.105,3,10,2,0.0,0.21,0.65,15.0,58.9,0
2025-01-06,05:00,0.842,3,5,1,0.0,0.0,0.81,17.9,64.3,0
2025-01-06,06:00,0.572,2,2,1,0.0,0.08,0.49,17.5,68.5,0
2025-01-06,07:00,0.523,1,0,0,0.0,0.22,0.67,19.6,66.0,0
2025-01-06,08:00,0.53,2,0,1,0.0,0.04,0.5,18.4,54.8,0
2025-01-06,09:00,0.288,0,0,0,0.0,0.0,0.12,21.5,60.9,0
2025-01-06,10:00,0.227,0,0,0,0.0,0.0,0.1,20.8,68.8,0
2025-01-06,11:00,0.201,0,0,0,0.0,0.0,0.1,22.0,71.2,0
2025-01-06,12:00,0.404,1,1,0,0.0,0.38,0.21,22.2,52.0,0
2025-01-06,13:00,0.214,0,0,0,0.0,0.0,0.18,23.5,72.1,0
2025-01-06,14:00,0.381,0,0,0,0.0,0.0,0.17,21.1,68.0,0
2025-01-06,15:00,0.594,1,1,0,0.0,0.4,0.34,23.1,51.9,0
2025-01-06,16:00,0.353,0,0,0,0.0,0.0,0.22,22.5,47.2,0
2025-01-06,17:00,0.444,1,1,0,0.0,0.41,0.25,21.2,49.6,0
2025-01-06,18:00,0.556,1,2,0,0.0,0.62,0.24,22.2,69.5,0
2025-01-06,19:00,0.91,2,4,1,0.0,0.85,0.83,22.0,70.6,0
2025-01-06,20:00,0.591,2,4,0,0.0,0.34,0.27,23.0,47.9,0
2025-01-06,21:00,0.636,2,4,0,0.0,0.67,0.31,21.5,56.3,0
2025-01-06,22:00,0.792,2,5,1,0.0,0.75,0.25,21.6,72.4,0
2025-01-06,23:00,0.707,4,12,1,0.0,0.2,0.3,22.6,59.3,0
2025-01-07,00:00,0.7,2,5,1,0.0,0.11,0.46,16.6,62.8,0
2025-01-07,01:00,0.639,3,7,1,0.0,0.15,0.45,15.0,74.8,0
2025-01-07,02:00,0.614,4,9,0,0.0,0.05,0.25,16.1,72.5,0
2025-01-07,03:00,0.386,1,1,0,0.0,0.05,0.46,15.8,77.0,0
2025-01-07,04:00,0.752,3,4,1,0.0,0.14,0.67,17.8,50.1,0
2025-01-07,05:00,0.711,2,3,1,0.0,0.16,0.78,18.7,64.3,0
2025-01-07,06:00,0.805,2,3,0,0.0,0.18,0.88,21.3,53.2,0
2025-01-07,07:00,0.812,3,2,0,0.0,0.3,0.8,16.6,65.9,0
2025-01-07,08:00,2.877,4,1,1,1.0,0.33,0.36,19.2,56.1,0
2025-01-07,09:00,0.337,0,0,0,0.0,0.0,0.1,20.1,56.5,0
2025-01-07,10:00,0.382,0,1,0,0.0,0.0,0.23,19.9,68.4,0
2025-01-07,11:00,0.329,0,0,0,0.0,0.0,0.19,19.4,65.5,0
2025-01-07,12:00,0.441,0,0,0,0.0,0.0,0.19,21.3,55.3,0
2025-01-07,13:00,0.524,1,1,0,0.0,0.3,0.45,22.4,48.0,0
2025-01-07,14:00,1.665,0,0,1,0.0,0.0,2.0,22.6,75.4,0
2025-01-07,15:00,0.688,1,0,0,0.0,0.47,0.66,20.8,55.6,0
2025-01-07,16:00,0.38,0,0,0,0.0,0.0,0.19,20.6,54.8,0
2025-01-07,17:00,0.3,0,0,0,0.0,0.0,0.1,20.9,56.6,0
2025-01-07,18:00,0.839,2,3,0,0.0,0.87,0.53,23.1,41.2,0
2025-01-07,19:00,0.841,3,5,2,0.0,0.61,0.48,22.9,63.5,0
2025-01-07,20:00,0.719,1,2,0,0.0,0.86,0.39,23.4,58.7,0
2025-01-07,21:00,0.641,2,2,0,0.0,0.51,0.51,22.8,67.8,0
2025-01-07,22:00,0.758,2,5,1,0.0,0.73,0.5,22.5,71.1,0
2025-01-07,23:00,0.679,2,5,0,0.0,0.01,0.79,19.9,58.7,0
2025-01-08,00:00,0.584,2,5,0,0.0,0.33,0.22,15.0,69.0,0
2025-01-08,01:00,1.621,1,16,0,0.0,0.1,0.87,16.3,62.3,0
2025-01-08,02:00,0.642,2,3,0,0.0,0.35,0.4,15.0,75.4,0
2025-01-08,03:00,0.756,3,6,0,0.0,0.24,0.79,15.6,73.2,0
2025-01-08,04:00,0.833,2,6,1,0.0,0.25,0.85,16.6,68.9,0
2025-01-08,05:00,0.602,1,3,0,0.0,0.19,0.46,15.8,71.3,0
2025-01-08,06:00,0.6,1,1,0,0.0,0.25,0.57,16.4,61.6,0
2025-01-08,07:00,0.691,2,2,0,0.0,0.31,0.75,16.4,80.1,0
2025-01-08,08:00,0.5,2,3,0,0.0,0.04,0.31,20.5,86.8,0
2025-01-08,09:00,0.871,2,3,0,0.0,0.74,0.59,20.6,49.6,0
2025-01-08,10:00,0.243,0,0,0,0.0,0.0,0.1,19.8,75.3,0
2025-01-08,11:00,0.62,1,0,0,0.0,0.75,0.6,19.1,71.2,0
2025-01-08,12:00,0.644,1,0,0,0.0,0.5,0.87,21.3,52.3,0
2025-01-08,13:00,0.317,0,0,0,0.0,0.0,0.1,21.8,61.1,0
2025-01-08,14:00,0.519,1,1,0,0.0,0.39,0.46,21.2,77.4,0
2025-01-08,15:00,0.381,0,0,0,0.0,0.0,0.19,21.8,61.4,0
2025-01-08,16:00,0.277,0,0,0,0.0,0.0,0.22,22.8,57.1,0
2025-01-08,17:00,0.654,2,1,1,0.0,0.45,0.45,22.5,61.0,0
2025-01-08,18:00,0.957,3,6,1,0.0,0.89,0.5,20.0,64.2,0
2025-01-08,19:00,0.76,2,3,1,0.0,0.35,0.55,21.2,55.9,0
2025-01-08,20:00,0.874,3,4,2,0.0,0.58,0.76,21.7,91.8,0
2025-01-08,21:00,0.723,2,2,0,0.0,0.53,0.53,24.6,64.0,0
2025-01-08,22:00,0.9,2,5,0,0.0,0.99,0.72,20.8,55.5,0
2025-01-08,23:00,0.834,2,6,0,0.0,0.24,0.89,22.6,46.3,0
2025-01-09,00:00,0.815,3,3,1,0.0,0.34,0.75,15.4,51.3,0
2025-01-09,01:00,2.806,2,5,1,1.0,0.05,0.68,15.0,61.7,0
2025-01-09,02:00,0.731,2,3,1,0.0,0.21,0.53,15.0,70.8,0
2025-01-09,03:00,0.838,4,9,1,0.0,0.33,0.52,15.0,54.3,0
2025-01-09,04:00,0.89,3,8,2,0.0,0.09,0.54,15.1,62.6,0
2025-01-09,05:00,0.799,3,8,2,0.0,0.17,0.54,17.2,92.0,0
2025-01-09,06:00,0.666,2,5,1,0.0,0.31,0.48,19.8,57.2,0
2025-01-09,07:00,0.529,1,1,0,0.0,0.26,0.35,20.3,87.4,0
2025-01-09,08:00,0.476,2,0,1,0.0,0.08,0.24,19.0,76.9,0
2025-01-09,09:00,0.399,0,0,0,0.0,0.0,0.26,19.2,71.3,0
2025-01-09,10:00,0.698,2,1,1,0.0,0.83,0.4,21.2,74.8,0
2025-01-09,11:00,0.669,1,1,0,0.0,0.95,0.49,21.1,58.5,0
2025-01-09,12:00,0.816,1,1,0,0.0,0.82,0.81,21.5,61.4,0
2025-01-09,13:00,0.244,0,0,0,0.0,0.0,0.17,21.9,43.8,0
2025-01-09,14:00,1.621,0,0,0,0.0,1.0,0.21,22.8,70.4,0
2025-01-09,15:00,0.312,0,0,0,0.0,0.0,0.23,20.6,47.8,0
2025-01-09,16:00,0.297,0,0,0,0.0,0.0,0.11,23.9,68.5,0
2025-01-09,17:00,0.515,1,0,0,0.0,0.78,0.24,23.3,69.3,0
2025-01-09,18:00,0.749,2,6,1,0.0,0.52,0.28,22.1,71.6,0
2025-01-09,19:00,0.722,1,2,0,0.0,0.59,0.58,22.0,63.1,0
2025-01-09,20:00,0.619,2,3,1,0.0,0.91,0.26,20.6,59.6,0
2025-01-09,21:00,0.688,2,4,1,0.0,0.4,0.43,22.8,58.3,0
2025-01-09,22:00,0.724,2,2,1,0.0,0.87,0.52,22.5,66.3,0
2025-01-09,23:00,0.883,3,6,2,0.0,0.26,0.6,21.5,44.8,0
2025-01-10,00:00,0.66,4,13,0,0.0,0.33,0.22,15.0,70.0,0
2025-01-10,01:00,0.828,2,6,0,0.0,0.3,0.83,16.4,80.3,0
2025-01-10,02:00,0.554,2,5,0,0.0,0.06,0.58,15.0,53.6,0
2025-01-10,03:00,0.833,2,5,1,0.0,0.19,0.78,15.9,68.5,0
2025-01-10,04:00,1.46,4,16,0,0.0,0.28,0.49,16.3,72.7,0
2025-01-10,05:00,0.673,3,9,0,0.0,0.02,0.51,15.0,58.0,0
2025-01-10,06:00,0.574,1,3,0,0.0,0.32,0.6,18.1,47.5,0
2025-01-10,07:00,0.8,4,3,1,0.0,0.1,0.59,17.6,66.9,0
2025-01-10,08:00,0.59,3,3,0,0.0,0.12,0.65,19.1,58.0,0
2025-01-10,09:00,0.327,0,0,0,0.0,0.0,0.11,20.7,55.9,0
2025-01-10,10:00,0.291,0,0,0,0.0,0.0,0.17,21.1,71.5,0
2025-01-10,11:00,0.326,0,0,0,0.0,0.0,0.1,21.3,72.2,0
2025-01-10,12:00,0.348,0,0,0,0.0,0.0,0.2,20.9,61.1,0
2025-01-10,13:00,0.473,0,0,0,0.0,0.0,0.22,22.4,54.6,0
2025-01-10,14:00,0.462,1,0,0,0.0,0.53,0.4,23.5,53.2,0
2025-01-10,15:00,0.445,0,0,0,0.0,0.0,0.22,22.5,48.6,0
2025-01-10,16:00,0.22,0,0,0,0.0,0.0,0.1,22.6,70.0,0
2025-01-10,17:00,0.369,0,0,0,0.0,0.0,0.18,21.9,60.3,0
2025-01-10,18:00,0.876,2,5,1,0.0,0.62,0.71,21.4,77.0,0
2025-01-10,19:00,1.129,4,13,2,0.0,0.89,0.25,23.0,69.8,0
2025-01-10,20:00,0.527,1,2,0,0.0,0.41,0.35,22.5,62.1,0
2025-01-10,21:00,0.561,3,3,1,0.0,0.59,0.21,22.3,82.1,0
2025-01-10,22:00,0.798,2,5,0,0.0,0.96,0.33,20.9,61.0,0
2025-01-10,23:00,0.678,2,6,0,0.0,0.34,0.52,20.8,57.4,0
2025-01-11,00:00,0.671,4,5,3,0.0,0.23,0.22,15.0,59.0,1
2025-01-11,01:00,0.817,2,6,1,0.0,0.12,0.88,15.9,56.2,1
2025-01-11,02:00,0.905,3,9,2,0.0,0.2,0.39,17.9,51.2,1
2025-01-11,03:00,0.527,2,6,0,0.0,0.07,0.3,15.4,52.6,1
2025-01-11,04:00,0.8,3,7,1,0.0,0.3,0.67,18.0,44.2,1
2025-01-11,05:00,0.455,2,5,0,0.0,0.03,0.36,17.1,69.4,1
2025-01-11,06:00,0.845,3,10,0,0.0,0.22,0.75,16.7,57.3,1
2025-01-11,07:00,0.646,3,2,2,0.0,0.1,0.37,18.9,59.7,1
2025-01-11,08:00,0.547,4,1,1,0.0,0.13,0.26,19.0,73.9,1
2025-01-11,09:00,0.604,3,3,1,0.0,0.37,0.26,19.3,67.4,1
2025-01-11,10:00,0.646,4,0,1,0.0,0.85,0.71,18.5,54.5,1
2025-01-11,11:00,0.47,2,0,0,0.0,0.4,0.32,19.4,48.8,1
2025-01-11,12:00,2.532,3,5,2,0.0,0.65,2.0,20.5,79.8,1
2025-01-11,13:00,0.925,3,1,2,0.0,0.9,0.88,21.7,49.2,1
2025-01-11,14:00,0.777,3,1,2,0.0,0.98,0.4,20.6,85.0,1
2025-01-11,15:00,0.785,4,2,0,0.0,0.69,0.61,20.8,63.4,1
2025-01-11,16:00,0.82,5,4,3,0.0,0.61,0.4,21.7,50.8,1
2025-01-11,17:00,0.957,4,1,2,0.0,0.8,0.75,20.4,53.3,1
2025-01-11,18:00,1.002,3,7,2,0.0,0.78,0.58,23.9,60.1,1
2025-01-11,19:00,0.834,2,5,1,0.0,0.55,0.65,21.4,48.6,1
2025-01-11,20:00,0.803,3,8,2,0.0,0.6,0.21,24.1,59.1,1
2025-01-11,21:00,0.896,3,6,2,0.0,0.71,0.55,23.6,49.5,1
2025-01-11,22:00,0.821,3,10,0,0.0,0.96,0.3,22.5,62.5,1
2025-01-11,23:00,0.828,3,8,0,0.0,0.11,0.77,22.8,50.2,1
2025-01-12,00:00,0.8,4,6,3,0.0,0.09,0.32,15.8,54.7,1
2025-01-12,01:00,0.721,2,5,0,0.0,0.01,0.63,16.6,67.0,1
2025-01-12,02:00,0.862,4,6,3,0.0,0.28,0.24,15.0,61.6,1
2025-01-12,03:00,0.926,3,9,1,0.0,0.22,0.62,17.7,60.0,1
2025-01-12,04:00,0.916,4,10,3,0.0,0.25,0.41,15.9,61.6,1
2025-01-12,05:00,0.643,2,5,1,0.0,0.15,0.3,17.1,71.8,1
2025-01-12,06:00,1.013,4,10,3,0.0,0.19,0.54,18.7,77.5,1
2025-01-12,07:00,0.656,2,0,1,0.0,0.34,0.55,19.4,72.8,1
2025-01-12,08:00,0.643,4,3,0,0.0,0.01,0.73,18.7,54.9,1
2025-01-12,09:00,0.772,4,5,2,0.0,0.38,0.28,20.7,68.4,1
2025-01-12,10:00,1.02,4,0,2,0.0,0.68,0.89,20.8,54.4,1
2025-01-12,11:00,1.163,3,1,2,0.0,0.61,0.9,22.1,50.8,1
2025-01-12,12:00,0.738,3,1,2,0.0,0.74,0.32,21.4,80.7,1
2025-01-12,13:00,0.674,3,2,0,0.0,0.79,0.4,22.2,70.6,1
2025-01-12,14:00,1.13,4,0,3,0.0,0.85,0.84,24.1,38.0,1
2025-01-12,15:00,0.948,4,5,3,0.0,0.77,0.54,22.0,67.2,1
2025-01-12,16:00,0.764,3,3,2,0.0,0.37,0.56,22.2,72.2,1
2025-01-12,17:00,0.761,2,2,1,0.0,0.81,0.52,25.2,68.3,1
2025-01-12,18:00,0.74,3,5,1,0.0,0.45,0.39,22.2,64.8,1
2025-01-12,19:00,0.841,3,8,0,0.0,0.37,0.75,21.5,51.9,1
2025-01-12,20:00,0.917,3,3,2,0.0,0.44,0.68,24.0,74.6,1
2025-01-12,21:00,0.819,4,7,1,0.0,0.93,0.32,23.4,68.4,1
2025-01-12,22:00,0.913,3,8,2,0.0,0.3,0.53,21.3,77.2,1
2025-01-12,23:00,0.769,4,13,1,0.0,0.05,0.25,22.2,77.4,1
2025-01-13,00:00,0.914,2,6,0,0.0,0.27,0.73,15.0,62.4,0
2025-01-13,01:00,0.716,3,6,2,0.0,0.22,0.31,18.1,63.5,0
2025-01-13,02:00,0.583,1,1,0,0.0,0.21,0.47,15.0,48.7,0
2025-01-13,03:00,0.83,2,5,1,0.0,0.27,0.68,16.0,65.6,0
2025-01-13,04:00,0.665,2,4,1,0.0,0.1,0.24,16.3,59.0,0
2025-01-13,05:00,0.92,2,4,1,0.0,0.35,0.85,15.6,75.5,0
2025-01-13,06:00,0.868,2,5,1,0.0,0.33,0.74,19.0,54.3,0
2025-01-13,07:00,0.63,3,2,1,0.0,0.18,0.49,18.6,67.9,0
2025-01-13,08:00,0.469,2,0,0,0.0,0.18,0.34,20.5,69.3,0
2025-01-13,09:00,0.699,1,0,0,0.0,0.81,0.79,18.3,52.1,0
2025-01-13,10:00,0.347,0,0,0,0.0,0.0,0.22,21.3,68.1,0
2025-01-13,11:00,0.626,2,1,1,0.0,0.8,0.32,20.1,61.6,0
2025-01-13,12:00,0.752,2,2,0,0.0,0.86,0.39,21.4,54.8,0
2025-01-13,13:00,0.344,0,0,0,0.0,0.0,0.14,22.3,71.6,0
2025-01-13,14:00,0.685,1,0,0,0.0,0.33,0.8,23.1,69.2,0
2025-01-13,15:00,0.853,2,1,1,0.0,0.82,0.49,23.5,74.6,0
2025-01-13,16:00,0.357,0,0,0,0.0,0.0,0.17,20.7,71.0,0
2025-01-13,17:00,0.341,0,0,0,0.0,0.0,0.24,22.0,86.8,0
2025-01-13,18:00,0.688,2,4,0,0.0,0.74,0.52,22.4,61.4,0
2025-01-13,19:00,0.788,3,5,0,0.0,0.59,0.36,21.7,69.5,0
2025-01-13,20:00,1.054,4,4,2,0.0,0.89,0.71,23.7,43.6,0
2025-01-13,21:00,1.106,4,11,0,0.0,0.94,0.83,23.1,57.8,0
2025-01-13,22:00,0.877,4,5,0,0.0,0.39,0.77,21.5,53.3,0
2025-01-13,23:00,0.755,2,3,1,0.0,0.25,0.71,22.3,69.1,0
2025-01-14,00:00,0.535,2,5,1,0.0,0.05,0.32,15.0,70.9,0
2025-01-14,01:00,0.635,2,3,0,0.0,0.06,0.68,15.5,73.3,0
2025-01-14,02:00,0.507,3,5,0,0.0,0.09,0.45,15.6,63.9,0
2025-01-14,03:00,0.668,2,4,1,0.0,0.09,0.52,16.1,68.7,0
2025-01-14,04:00,0.712,3,10,0,0.0,0.29,0.46,17.0,66.8,0
2025-01-14,05:00,0.55,1,1,0,0.0,0.16,0.29,16.2,65.1,0
2025-01-14,06:00,0.683,1,2,0,0.0,0.2,0.78,18.5,56.7,0
2025-01-14,07:00,0.573,1,0,0,0.0,0.01,0.63,18.8,67.6,0
2025-01-14,08:00,0.469,2,0,0,0.0,0.05,0.34,18.8,74.2,0
2025-01-14,09:00,0.591,2,2,0,0.0,0.68,0.54,18.8,70.1,0
2025-01-14,10:00,0.366,0,0,0,0.0,0.0,0.25,19.1,64.0,0
2025-01-14,11:00,0.649,2,3,0,0.0,0.76,0.39,20.3,46.5,0
2025-01-14,12:00,0.768,2,0,1,0.0,0.86,0.45,21.5,60.8,0
2025-01-14,13:00,0.776,1,1,0,0.0,0.79,0.86,19.6,48.6,0
2025-01-14,14:00,0.719,2,3,0,0.0,0.52,0.54,21.2,60.2,0
2025-01-14,15:00,0.804,2,0,0,0.0,0.8,0.84,22.6,61.3,0
2025-01-14,16:00,0.887,1,1,0,0.0,0.89,0.8,22.2,63.8,0
2025-01-14,17:00,0.384,0,0,0,0.0,0.0,0.26,22.2,58.3,0
2025-01-14,18:00,0.885,1,3,0,0.0,0.95,0.75,24.2,57.0,0
2025-01-14,19:00,0.809,1,2,0,0.0,0.96,0.47,24.0,55.4,0
2025-01-14,20:00,0.864,2,6,1,0.0,0.45,0.6,22.6,61.1,0
2025-01-14,21:00,0.964,1,3,0,0.0,0.8,0.65,21.9,64.3,0
2025-01-14,22:00,0.4,2,2,0,0.0,0.38,0.2,21.0,65.4,0
2025-01-14,23:00,0.701,2,4,0,0.0,0.17,0.8,22.9,70.2,0
2025-01-15,00:00,0.773,1,3,0,0.0,0.11,0.87,15.0,61.5,0
2025-01-15,01:00,1.593,3,16,1,0.0,0.21,0.54,15.6,65.2,0
2025-01-15,02:00,0.739,2,6,0,0.0,0.19,0.85,15.4,68.1,0
2025-01-15,03:00,0.501,2,4,0,0.0,0.0,0.26,15.8,74.7,0
2025-01-15,04:00,0.667,1,1,0,0.0,0.34,0.53,15.9,58.3,0
2025-01-15,05:00,0.498,2,4,0,0.0,0.13,0.33,18.8,70.5,0
2025-01-15,06:00,0.546,3,7,0,0.0,0.24,0.27,17.1,68.4,0
2025-01-15,07:00,0.588,1,0,0,0.0,0.34,0.68,16.7,66.1,0
2025-01-15,08:00,0.535,2,1,1,0.0,0.01,0.6,18.4,61.4,0
2025-01-15,09:00,0.437,0,1,0,0.0,0.0,0.1,19.6,78.4,0
2025-01-15,10:00,0.576,1,0,0,0.0,0.4,0.62,20.7,64.1,0
2025-01-15,11:00,0.616,1,1,0,0.0,0.94,0.21,22.5,72.6,0
2025-01-15,12:00,0.358,0,0,0,0.0,0.0,0.18,19.4,54.8,0
2025-01-15,13:00,0.689,2,3,1,0.0,0.48,0.66,21.4,65.8,0
2025-01-15,14:00,0.215,0,0,0,0.0,0.0,0.14,21.2,63.7,0
2025-01-15,15:00,0.374,0,0,0,0.0,0.0,0.23,23.7,71.7,0
2025-01-15,16:00,0.719,1,1,0,0.0,0.51,0.72,23.7,44.4,0
2025-01-15,17:00,0.331,0,1,0,0.0,0.0,0.16,21.4,59.1,0
2025-01-15,18:00,0.868,3,4,2,0.0,0.58,0.75,22.2,64.4,0
2025-01-15,19:00,0.521,1,1,0,0.0,0.55,0.34,22.2,66.7,0
2025-01-15,20:00,0.961,4,11,0,0.0,0.64,0.51,21.2,64.9,0
2025-01-15,21:00,0.669,2,6,0,0.0,0.32,0.23,21.8,51.6,0
2025-01-15,22:00,0.848,2,3,0,0.0,0.76,0.56,22.1,55.2,0
2025-01-15,23:00,0.763,1,3,0,0.0,0.21,0.86,19.2,58.8,0
2025-01-16,00:00,0.659,3,9,1,0.0,0.08,0.41,15.0,59.2,0
2025-01-16,01:00,0.917,4,12,2,0.0,0.21,0.4,15.0,92.0,0
2025-01-16,02:00,0.745,2,3,0,0.0,0.23,0.87,15.0,68.0,0
2025-01-16,03:00,3.217,3,9,1,0.0,0.11,2.0,15.6,66.8,0
2025-01-16,04:00,0.551,2,2,1,0.0,0.2,0.33,16.8,76.1,0
2025-01-16,05:00,0.856,3,7,2,0.0,0.29,0.81,16.6,70.6,0
2025-01-16,06:00,0.771,2,6,1,0.0,0.06,0.68,18.5,67.6,0
2025-01-16,07:00,0.606,3,1,0,0.0,0.1,0.8,19.0,63.9,0
2025-01-16,08:00,0.812,4,0,3,0.0,0.18,0.81,20.2,53.5,0
2025-01-16,09:00,0.337,0,0,0,0.0,0.0,0.25,20.4,66.5,0
2025-01-16,10:00,0.678,1,0,0,0.0,0.42,0.64,19.5,78.3,0
2025-01-16,11:00,0.424,0,0,0,0.0,0.0,0.19,20.8,71.3,0
2025-01-16,12:00,0.366,0,0,0,0.0,0.0,0.14,18.6,79.3,0
2025-01-16,13:00,0.583,1,0,0,0.0,0.54,0.29,21.7,67.8,0
2025-01-16,14:00,0.641,1,0,0,0.0,0.81,0.62,21.3,59.4,0
2025-01-16,15:00,0.47,0,0,0,0.0,0.0,0.25,24.3,48.6,0
2025-01-16,16:00,1.554,0,0,0,0.0,1.0,0.1,22.6,77.6,0
2025-01-16,17:00,0.239,0,0,0,0.0,0.0,0.1,23.8,51.2,0
2025-01-16,18:00,0.617,2,5,0,0.0,0.78,0.21,21.9,63.9,0
2025-01-16,19:00,0.741,2,6,1,0.0,0.73,0.4,22.7,50.5,0
2025-01-16,20:00,0.987,3,9,2,0.0,0.55,0.49,20.7,63.2,0
2025-01-16,21:00,0.59,2,2,0,0.0,0.38,0.6,23.4,56.8,0
2025-01-16,22:00,0.746,1,2,0,0.0,0.75,0.52,23.9,55.3,0
2025-01-16,23:00,0.576,3,6,2,0.0,0.15,0.28,21.4,70.4,0
2025-01-17,00:00,0.749,1,2,0,0.0,0.31,0.87,15.0,66.1,0
2025-01-17,01:00,0.731,2,4,1,0.0,0.24,0.53,17.2,62.8,0
2025-01-17,02:00,0.546,1,2,0,0.0,0.3,0.27,16.3,62.1,0
2025-01-17,03:00,0.974,3,7,2,0.0,0.31,0.71,15.5,53.9,0
2025-01-17,04:00,0.595,3,6,0,0.0,0.23,0.21,15.5,67.9,0
2025-01-17,05:00,0.974,4,12,2,0.0,0.24,0.63,16.3,64.9,0
2025-01-17,06:00,0.876,3,8,0,0.0,0.29,0.82,17.8,53.7,0
2025-01-17,07:00,0.53,2,0,1,0.0,0.11,0.43,18.5,53.3,0
2025-01-17,08:00,0.665,2,2,0,0.0,0.16,0.6,17.6,64.6,0
2025-01-17,09:00,0.319,0,0,0,0.0,0.0,0.18,20.5,79.6,0
2025-01-17,10:00,0.616,1,1,0,0.0,0.76,0.52,21.1,37.9,0
2025-01-17,11:00,0.585,1,1,0,0.0,0.55,0.52,22.6,66.7,0
2025-01-17,12:00,0.311,0,0,0,0.0,0.0,0.18,21.1,62.2,0
2025-01-17,13:00,0.478,1,0,0,0.0,0.44,0.28,22.0,43.5,0
2025-01-17,14:00,0.235,0,0,0,0.0,0.0,0.1,22.4,80.0,0
2025-01-17,15:00,0.598,1,0,0,0.0,0.3,0.72,20.8,71.5,0
2025-01-17,16:00,0.692,2,2,1,0.0,0.78,0.32,20.9,68.3,0
2025-01-17,17:00,0.645,2,1,1,0.0,0.78,0.37,21.9,55.2,0
2025-01-17,18:00,0.911,3,4,1,0.0,0.92,0.56,21.9,69.1,0
2025-01-17,19:00,0.864,2,3,1,0.0,0.78,0.84,21.2,61.6,0
2025-01-17,20:00,0.731,1,2,0,0.0,0.8,0.73,21.5,36.1,0
2025-01-17,21:00,0.694,3,7,2,0.0,0.6,0.21,21.6,58.7,0
2025-01-17,22:00,0.812,1,1,0,0.0,0.99,0.68,21.6,64.6,0
2025-01-17,23:00,0.805,2,4,1,0.0,0.24,0.59,21.9,65.7,0
2025-01-18,00:00,0.715,3,9,2,0.0,0.24,0.23,15.0,59.1,1
2025-01-18,01:00,0.658,2,5,0,0.0,0.3,0.8,16.1,55.9,1
2025-01-18,02:00,0.784,4,8,2,0.0,0.26,0.34,16.0,80.3,1
2025-01-18,03:00,0.78,5,14,0,0.0,0.01,0.4,15.5,70.6,1
2025-01-18,04:00,0.715,2,4,1,0.0,0.01,0.85,18.1,81.2,1
2025-01-18,05:00,0.744,4,9,0,0.0,0.25,0.57,16.2,70.8,1
2025-01-18,06:00,0.718,2,4,0,0.0,0.12,0.82,15.9,64.1,1
2025-01-18,07:00,0.606,3,3,2,0.0,0.23,0.28,17.7,78.3,1
2025-01-18,08:00,0.588,5,2,0,0.0,0.31,0.47,19.3,78.3,1
2025-01-18,09:00,0.79,3,4,1,0.0,0.66,0.54,19.2,63.7,1
2025-01-18,10:00,0.727,2,0,1,0.0,0.84,0.57,19.6,56.6,1
2025-01-18,11:00,1.085,4,1,3,0.0,0.92,0.72,20.1,66.9,1
2025-01-18,12:00,0.585,4,0,2,0.0,0.33,0.25,21.4,59.0,1
2025-01-18,13:00,0.572,3,2,1,0.0,0.52,0.47,22.4,71.4,1
2025-01-18,14:00,0.649,2,2,0,0.0,0.89,0.45,23.8,61.4,1
2025-01-18,15:00,0.765,5,3,4,0.0,0.32,0.31,22.1,55.7,1
2025-01-18,16:00,1.029,4,2,2,0.0,0.51,0.82,22.3,44.0,1
2025-01-18,17:00,0.643,4,1,0,0.0,0.7,0.48,21.9,63.6,1
2025-01-18,18:00,1.114,4,11,0,0.0,0.93,0.8,23.2,64.8,1
2025-01-18,19:00,1.113,4,10,0,0.0,0.83,0.89,23.1,61.2,1
2025-01-18,20:00,0.917,4,7,0,0.0,0.71,0.87,22.1,59.0,1
2025-01-18,21:00,0.85,2,4,0,0.0,0.76,0.69,23.6,60.1,1
2025-01-18,22:00,0.961,5,7,1,0.0,0.85,0.7,19.9,56.2,1
2025-01-18,23:00,0.645,3,6,2,0.0,0.17,0.28,20.8,59.1,1
2025-01-19,00:00,0.877,4,12,0,0.0,0.26,0.64,15.7,70.5,1
2025-01-19,01:00,0.542,3,8,0,0.0,0.01,0.38,15.0,54.6,1
2025-01-19,02:00,0.868,2,4,1,0.0,0.21,0.8,15.0,63.4,1
2025-01-19,03:00,1.018,3,10,2,0.0,0.24,0.73,17.3,64.4,1
2025-01-19,04:00,1.018,3,9,0,0.0,0.26,0.86,17.7,76.0,1
2025-01-19,05:00,1.122,4,9,3,0.0,0.14,0.84,17.9,64.3,1
2025-01-19,06:00,0.742,2,6,1,0.0,0.1,0.72,19.7,67.3,1
2025-01-19,07:00,0.607,4,0,1,0.0,0.34,0.36,17.8,55.4,1
2025-01-19,08:00,0.707,4,6,0,0.0,0.31,0.51,19.6,55.4,1
2025-01-19,09:00,0.857,4,5,2,0.0,0.59,0.43,21.2,66.1,1
2025-01-19,10:00,0.597,3,3,1,0.0,0.47,0.29,19.6,53.6,1
2025-01-19,11:00,0.892,2,3,1,0.0,0.58,0.88,20.4,67.6,1
2025-01-19,12:00,0.755,4,6,0,0.0,0.72,0.53,22.6,50.5,1
2025-01-19,13:00,0.94,4,4,2,0.0,0.42,0.68,21.7,70.6,1
2025-01-19,14:00,0.73,3,0,0,0.0,0.67,0.84,21.5,60.3,1
2025-01-19,15:00,0.835,3,4,1,0.0,0.83,0.27,20.1,72.9,1
2025-01-19,16:00,0.808,2,3,1,0.0,0.6,0.49,23.6,53.8,1
2025-01-19,17:00,1.031,4,2,3,0.0,0.94,0.79,21.1,73.4,1
2025-01-19,18:00,0.994,4,13,0,0.0,0.72,0.58,21.7,65.8,1
2025-01-19,19:00,0.813,3,6,0,0.0,0.86,0.49,22.6,73.8,1
2025-01-19,20:00,1.019,3,7,1,0.0,0.73,0.89,20.9,68.8,1
2025-01-19,21:00,1.004,3,6,2,0.0,0.7,0.74,22.6,55.8,1
2025-01-19,22:00,0.617,2,3,1,0.0,0.96,0.27,23.4,76.4,1
2025-01-19,23:00,0.768,2,4,1,0.0,0.28,0.78,21.5,51.0,1
2025-01-20,00:00,0.781,2,4,1,0.0,0.25,0.85,15.0,64.5,0
2025-01-20,01:00,0.77,3,4,1,0.0,0.0,0.8,16.3,69.4,0
2025-01-20,02:00,0.849,3,7,2,0.0,0.22,0.67,15.0,66.3,0
2025-01-20,03:00,0.51,2,5,0,0.0,0.07,0.21,17.6,72.0,0
2025-01-20,04:00,0.886,3,7,1,0.0,0.12,0.77,18.2,58.6,0
2025-01-20,05:00,0.541,1,2,0,0.0,0.18,0.44,20.5,62.4,0
2025-01-20,06:00,0.595,2,6,0,0.0,0.15,0.46,17.1,64.9,0
2025-01-20,07:00,0.557,3,4,1,0.0,0.09,0.47,18.7,66.8,0
2025-01-20,08:00,0.713,3,2,1,0.0,0.19,0.69,19.5,79.1,0
2025-01-20,09:00,0.564,1,0,0,0.0,0.45,0.6,20.7,62.9,0
2025-01-20,10:00,0.295,0,0,0,0.0,0.0,0.11,20.2,40.3,0
2025-01-20,11:00,3.645,1,0,0,1.0,0.97,0.54,21.6,67.2,0
2025-01-20,12:00,0.653,2,3,1,0.0,0.49,0.33,20.5,69.5,0
2025-01-20,13:00,0.264,0,0,0,0.0,0.0,0.1,20.1,63.4,0
2025-01-20,14:00,0.398,0,0,0,0.0,0.0,0.13,23.2,48.0,0
2025-01-20,15:00,0.783,2,0,0,0.0,0.49,0.87,22.3,69.5,0
2025-01-20,16:00,0.239,0,0,0,0.0,0.0,0.14,22.9,71.1,0
2025-01-20,17:00,0.525,1,1,0,0.0,0.9,0.34,22.9,54.3,0
2025-01-20,18:00,0.742,1,2,0,0.0,0.93,0.64,22.4,50.5,0
2025-01-20,19:00,0.664,1,1,0,0.0,0.45,0.38,22.2,61.8,0
2025-01-20,20:00,0.757,2,4,1,0.0,0.87,0.44,24.0,70.1,0
2025-01-20,21:00,0.67,2,4,1,0.0,0.5,0.43,22.7,51.3,0
2025-01-20,22:00,0.79,1,2,0,0.0,0.97,0.81,22.1,51.3,0
2025-01-20,23:00,0.722,4,5,1,0.0,0.11,0.66,19.4,56.2,0
2025-01-21,00:00,0.855,3,8,2,0.0,0.26,0.56,15.0,60.8,0
2025-01-21,01:00,0.702,2,5,1,0.0,0.07,0.48,15.5,71.8,0
2025-01-21,02:00,0.48,1,2,0,0.0,0.35,0.27,17.0,61.2,0
2025-01-21,03:00,1.999,3,6,0,0.0,1.0,0.32,15.9,60.8,0
2025-01-21,04:00,0.959,4,9,1,0.0,0.16,0.88,16.2,76.3,0
2025-01-21,05:00,0.575,2,4,1,0.0,0.11,0.44,16.7,56.1,0
2025-01-21,06:00,0.703,2,3,0,0.0,0.0,0.77,18.4,54.5,0
2025-01-21,07:00,0.55,4,3,0,0.0,0.15,0.41,17.7,87.7,0
2025-01-21,08:00,0.592,2,2,0,0.0,0.06,0.72,20.3,63.7,0
2025-01-21,09:00,0.647,1,1,0,0.0,0.78,0.4,20.5,56.6,0
2025-01-21,10:00,0.687,2,0,0,0.0,0.75,0.63,20.7,53.4,0
2025-01-21,11:00,0.306,0,0,0,0.0,0.0,0.12,22.4,65.0,0
2025-01-21,12:00,0.373,0,0,0,0.0,0.0,0.13,21.1,55.5,0
2025-01-21,13:00,0.52,1,1,0,0.0,0.84,0.25,17.5,67.6,0
2025-01-21,14:00,0.635,1,1,0,0.0,0.84,0.37,22.7,79.6,0
2025-01-21,15:00,0.709,1,0,0,0.0,0.63,0.68,20.9,73.7,0
2025-01-21,16:00,0.299,0,1,0,0.0,0.0,0.11,21.6,75.0,0
2025-01-21,17:00,0.263,0,0,0,0.0,0.0,0.1,21.9,66.8,0
2025-01-21,18:00,0.675,1,1,0,0.0,0.63,0.62,24.0,72.7,0
2025-01-21,19:00,1.118,4,13,2,0.0,0.34,0.65,22.8,73.2,0
2025-01-21,20:00,0.953,2,6,1,0.0,0.83,0.76,22.5,56.7,0
2025-01-21,21:00,0.913,3,6,1,0.0,0.51,0.69,22.5,58.4,0
2025-01-21,22:00,1.009,3,5,2,0.0,0.94,0.59,22.3,70.4,0
2025-01-21,23:00,0.465,1,2,0,0.0,0.06,0.21,21.9,61.4,0
2025-01-22,00:00,0.726,3,8,1,0.0,0.14,0.57,15.0,59.7,0
2025-01-22,01:00,0.571,1,2,0,0.0,0.29,0.29,15.3,60.5,0
2025-01-22,02:00,0.593,1,2,0,0.0,0.23,0.57,16.2,77.2,0
2025-01-22,03:00,0.636,4,6,1,0.0,0.31,0.26,15.4,63.7,0
2025-01-22,04:00,0.919,4,8,1,0.0,0.25,0.78,18.3,69.4,0
2025-01-22,05:00,0.831,4,5,2,0.0,0.19,0.33,17.8,57.0,0
2025-01-22,06:00,0.56,1,2,0,0.0,0.04,0.65,18.0,78.9,0
2025-01-22,07:00,0.644,1,0,0,0.0,0.06,0.9,19.6,68.3,0
2025-01-22,08:00,0.637,4,2,1,0.0,0.27,0.5,18.5,71.5,0
2025-01-22,09:00,0.765,2,0,1,0.0,0.61,0.48,18.1,68.7,0
2025-01-22,10:00,1.785,0,1,0,0.0,1.0,0.12,21.9,60.7,0
2025-01-22,11:00,0.51,1,0,0,0.0,0.41,0.39,23.1,48.4,0
2025-01-22,12:00,0.347,0,0,0,0.0,0.0,0.11,21.2,70.4,0
2025-01-22,13:00,0.553,1,1,0,0.0,0.75,0.23,22.1,40.7,0
2025-01-22,14:00,0.929,2,1,1,0.0,0.6,0.85,20.4,75.0,0
2025-01-22,15:00,0.5,1,1,0,0.0,0.67,0.42,23.6,74.4,0
2025-01-22,16:00,0.433,0,0,1,0.0,0.0,0.26,21.5,76.2,0
2025-01-22,17:00,0.393,0,0,0,0.0,0.0,0.22,20.9,46.9,0
2025-01-22,18:00,0.672,2,5,1,0.0,0.64,0.34,22.4,71.9,0
2025-01-22,19:00,0.765,2,3,0,0.0,0.78,0.6,23.4,73.3,0
2025-01-22,20:00,0.538,1,1,0,0.0,0.84,0.32,21.4,67.4,0
2025-01-22,21:00,0.895,4,6,2,0.0,0.41,0.71,24.0,53.0,0
2025-01-22,22:00,0.715,2,3,1,0.0,0.5,0.44,21.8,54.8,0
2025-01-22,23:00,0.831,2,4,1,0.0,0.19,0.64,20.6,55.0,0
2025-01-23,00:00,0.621,2,6,1,0.0,0.09,0.24,15.0,53.0,0
2025-01-23,01:00,0.604,1,2,0,0.0,0.32,0.45,17.0,42.1,0
2025-01-23,02:00,0.813,2,6,1,0.0,0.25,0.83,15.1,86.9,0
2025-01-23,03:00,0.778,2,5,0,0.0,0.32,0.41,16.4,74.3,0
2025-01-23,04:00,0.874,3,6,0,0.0,0.35,0.89,16.8,63.8,0
2025-01-23,05:00,1.16,4,13,3,0.0,0.08,0.44,17.8,31.2,0
2025-01-23,06:00,0.657,2,5,1,0.0,0.24,0.49,19.3,76.3,0
2025-01-23,07:00,0.441,1,1,0,0.0,0.24,0.34,18.0,56.3,0
2025-01-23,08:00,0.844,4,3,3,0.0,0.27,0.66,18.2,44.9,0
2025-01-23,09:00,0.275,0,0,0,0.0,0.0,0.1,19.4,48.3,0
2025-01-23,10:00,0.333,0,0,0,0.0,0.0,0.19,23.3,56.9,0
2025-01-23,11:00,0.815,2,2,1,0.0,0.73,0.62,20.1,65.0,0
2025-01-23,12:00,0.705,1,0,0,0.0,0.63,0.65,21.7,63.0,0
2025-01-23,13:00,0.429,0,1,0,0.0,0.0,0.26,22.7,65.3,0
2025-01-23,14:00,0.315,0,0,1,0.0,0.0,0.15,21.5,56.5,0
2025-01-23,15:00,0.626,1,1,0,0.0,0.8,0.48,20.9,70.9,0
2025-01-23,16:00,0.681,1,1,0,0.0,0.38,0.52,21.0,57.4,0
2025-01-23,17:00,0.326,0,0,0,0.0,0.0,0.26,20.8,35.0,0
2025-01-23,18:00,0.817,3,5,0,0.0,0.51,0.84,20.2,71.1,0
2025-01-23,19:00,0.835,2,3,1,0.0,0.93,0.58,20.0,60.9,0
2025-01-23,20:00,0.745,2,6,1,0.0,0.92,0.26,22.2,64.0,0
2025-01-23,21:00,0.778,1,2,0,0.0,0.36,0.7,23.7,69.3,0
2025-01-23,22:00,0.668,1,2,0,0.0,0.42,0.43,23.5,58.9,0
2025-01-23,23:00,0.611,1,1,0,0.0,0.34,0.4,19.8,74.2,0
2025-01-24,00:00,0.614,1,2,0,0.0,0.17,0.55,17.3,50.3,0
2025-01-24,01:00,0.87,2,4,1,0.0,0.0,0.82,15.0,70.0,0
2025-01-24,02:00,0.564,2,3,0,0.0,0.12,0.3,15.0,53.6,0
2025-01-24,03:00,0.666,1,3,0,0.0,0.1,0.66,16.6,63.8,0
2025-01-24,04:00,0.869,4,11,1,0.0,0.01,0.74,15.4,61.1,0
2025-01-24,05:00,0.444,1,2,0,0.0,0.3,0.43,19.7,64.7,0
2025-01-24,06:00,0.446,1,2,0,0.0,0.19,0.26,18.2,71.4,0
2025-01-24,07:00,0.71,3,1,1,0.0,0.22,0.85,17.0,62.8,0
2025-01-24,08:00,0.573,2,2,1,0.0,0.08,0.4,17.2,65.8,0
2025-01-24,09:00,0.201,0,0,0,0.0,0.0,0.1,20.3,68.0,0
2025-01-24,10:00,0.439,1,1,0,0.0,0.35,0.41,20.5,56.7,0
2025-01-24,11:00,0.775,1,1,0,0.0,0.44,0.78,20.1,58.4,0
2025-01-24,12:00,0.407,0,0,0,0.0,0.0,0.16,19.8,65.1,0
2025-01-24,13:00,0.213,0,0,0,0.0,0.0,0.2,19.7,72.7,0
2025-01-24,14:00,0.388,0,1,0,0.0,0.0,0.1,23.5,62.6,0
2025-01-24,15:00,0.347,0,0,0,0.0,0.0,0.1,24.0,51.9,0
2025-01-24,16:00,0.682,1,0,0,0.0,0.91,0.46,21.5,80.9,0
2025-01-24,17:00,0.378,0,0,0,0.0,0.0,0.17,21.6,66.8,0
2025-01-24,18:00,0.726,2,4,1,0.0,0.52,0.43,23.1,58.1,0
2025-01-24,19:00,0.607,2,2,0,0.0,0.91,0.28,21.9,31.0,0
2025-01-24,20:00,0.919,3,5,2,0.0,0.37,0.74,24.6,65.6,0
2025-01-24,21:00,0.845,2,3,1,0.0,0.84,0.67,21.9,57.8,0
2025-01-24,22:00,0.867,4,9,0,0.0,0.68,0.58,22.2,66.1,0
2025-01-24,23:00,0.552,2,6,1,0.0,0.02,0.22,24.4,54.9,0
2025-01-25,00:00,0.747,2,4,1,0.0,0.31,0.64,15.9,69.4,1
2025-01-25,01:00,0.988,4,12,0,0.0,0.32,0.74,15.0,63.7,1
2025-01-25,02:00,0.68,4,5,1,0.0,0.23,0.74,17.6,75.1,1
2025-01-25,03:00,0.838,3,4,2,0.0,0.12,0.8,16.8,71.9,1
2025-01-25,04:00,0.571,2,4,1,0.0,0.1,0.44,16.4,66.3,1
2025-01-25,05:00,0.632,3,4,0,0.0,0.16,0.61,16.8,64.7,1
2025-01-25,06:00,0.705,3,4,0,0.0,0.24,0.5,18.0,70.8,1
2025-01-25,07:00,0.66,4,5,2,0.0,0.29,0.28,18.4,62.5,1
2025-01-25,08:00,0.601,3,1,1,0.0,0.21,0.68,18.9,68.3,1
2025-01-25,09:00,0.827,3,0,1,0.0,0.83,0.77,18.5,62.4,1
2025-01-25,10:00,0.818,3,3,1,0.0,0.44,0.81,19.5,54.5,1
2025-01-25,11:00,0.966,4,6,3,0.0,0.71,0.63,22.8,82.0,1
2025-01-25,12:00,0.75,2,3,1,0.0,0.3,0.59,22.5,45.8,1
2025-01-25,13:00,0.82,3,3,2,0.0,0.58,0.5,21.5,72.9,1
2025-01-25,14:00,2.748,3,4,1,1.0,0.59,0.4,22.2,66.8,1
2025-01-25,15:00,0.766,5,1,0,0.0,0.86,0.8,21.7,73.3,1
2025-01-25,16:00,3.103,4,3,1,0.0,0.87,2.0,21.4,40.8,1
2025-01-25,17:00,0.921,3,2,1,0.0,0.98,0.6,23.7,61.9,1
2025-01-25,18:00,1.16,4,6,2,0.0,0.99,0.89,23.5,68.5,1
2025-01-25,19:00,0.929,3,8,2,0.0,0.35,0.64,21.1,66.0,1
2025-01-25,20:00,0.892,3,8,1,0.0,0.66,0.53,22.2,65.0,1
2025-01-25,21:00,0.861,2,6,1,0.0,0.81,0.59,20.9,65.3,1
2025-01-25,22:00,0.87,2,6,1,0.0,0.74,0.4,21.2,63.7,1
2025-01-25,23:00,0.659,3,9,0,0.0,0.04,0.32,22.3,61.0,1
2025-01-26,00:00,0.97,4,7,2,0.0,0.17,0.76,15.6,75.4,1
2025-01-26,01:00,0.751,2,4,1,0.0,0.27,0.37,15.0,81.3,1
2025-01-26,02:00,0.768,4,7,2,0.0,0.26,0.28,15.2,61.6,1
2025-01-26,03:00,0.602,3,6,2,0.0,0.17,0.3,17.3,65.0,1
2025-01-26,04:00,0.811,3,8,2,0.0,0.24,0.23,19.6,65.5,1
2025-01-26,05:00,0.849,4,7,1,0.0,0.03,0.66,16.6,45.5,1
2025-01-26,06:00,0.865,4,10,0,0.0,0.12,0.68,18.3,48.2,1
2025-01-26,07:00,0.439,2,0,0,0.0,0.08,0.4,20.0,64.3,1
2025-01-26,08:00,0.992,5,5,4,0.0,0.33,0.65,19.7,64.4,1
2025-01-26,09:00,1.124,4,4,3,0.0,0.93,0.69,19.1,74.1,1
2025-01-26,10:00,0.977,4,6,1,0.0,0.6,0.83,17.5,70.1,1
2025-01-26,11:00,0.711,3,1,0,0.0,0.97,0.39,19.7,79.2,1
2025-01-26,12:00,0.778,4,1,1,0.0,0.4,0.74,18.4,65.8,1
2025-01-26,13:00,0.78,2,2,0,0.0,0.61,0.83,23.3,60.2,1
2025-01-26,14:00,0.738,4,1,2,0.0,0.93,0.6,20.1,45.5,1
2025-01-26,15:00,1.008,4,5,2,0.0,0.3,0.87,21.9,44.4,1
2025-01-26,16:00,0.961,5,3,3,0.0,0.58,0.64,20.8,64.4,1
2025-01-26,17:00,0.605,3,4,1,0.0,0.42,0.23,22.3,65.9,1
2025-01-26,18:00,0.929,4,10,1,0.0,0.36,0.64,23.2,75.6,1
2025-01-26,19:00,0.707,3,4,1,0.0,0.52,0.57,21.8,59.7,1
2025-01-26,20:00,0.595,2,2,1,0.0,0.33,0.28,18.6,74.8,1
2025-01-26,21:00,0.538,2,5,1,0.0,0.33,0.3,20.5,54.3,1
2025-01-26,22:00,0.533,2,5,0,0.0,0.42,0.23,19.3,68.0,1
2025-01-26,23:00,0.73,4,5,1,0.0,0.28,0.35,23.6,67.4,1
2025-01-27,00:00,1.009,4,11,1,0.0,0.34,0.6,15.0,75.2,0
2025-01-27,01:00,0.563,2,2,0,0.0,0.15,0.69,17.0,66.8,0
2025-01-27,02:00,1.879,1,16,0,0.0,0.21,0.74,15.0,75.6,0
2025-01-27,03:00,0.53,2,5,1,0.0,0.17,0.29,16.4,62.4,0
2025-01-27,04:00,0.732,2,3,1,0.0,0.21,0.7,16.7,76.7,0
2025-01-27,05:00,0.808,2,3,1,0.0,0.34,0.63,17.1,62.2,0
2025-01-27,06:00,0.574,2,5,0,0.0,0.02,0.28,19.4,62.9,0
2025-01-27,07:00,0.502,4,0,1,0.0,0.07,0.38,20.5,57.3,0
2025-01-27,08:00,0.339,1,0,0,0.0,0.06,0.22,20.2,56.4,0
2025-01-27,09:00,0.326,0,0,0,0.0,0.0,0.11,19.7,51.3,0
2025-01-27,10:00,0.278,0,0,0,0.0,0.0,0.1,20.4,70.5,0
2025-01-27,11:00,0.375,0,0,0,0.0,0.0,0.1,20.5,66.0,0
2025-01-27,12:00,0.234,0,0,0,0.0,0.0,0.1,21.0,71.8,0
2025-01-27,13:00,0.477,0,0,1,0.0,0.0,0.25,21.8,63.8,0
2025-01-27,14:00,2.391,0,0,0,0.0,0.0,2.0,21.1,60.4,0
2025-01-27,15:00,2.542,1,1,0,1.0,0.4,0.6,22.4,62.0,0
2025-01-27,16:00,0.382,0,0,0,0.0,0.0,0.23,20.3,66.4,0
2025-01-27,17:00,0.676,1,1,0,0.0,0.51,0.65,21.3,61.1,0
2025-01-27,18:00,0.926,3,9,2,0.0,0.32,0.52,21.5,63.5,0
2025-01-27,19:00,0.835,2,5,1,0.0,0.35,0.83,20.0,65.9,0
2025-01-27,20:00,1.1,2,6,1,0.0,0.86,0.75,23.6,63.1,0
2025-01-27,21:00,0.931,3,9,0,0.0,0.56,0.63,23.4,83.8,0
2025-01-27,22:00,0.736,1,2,0,0.0,0.99,0.37,22.6,73.1,0
2025-01-27,23:00,0.504,2,5,0,0.0,0.12,0.39,22.5,39.6,0
2025-01-28,00:00,0.707,2,4,1,0.0,0.04,0.7,15.0,70.6,0
2025-01-28,01:00,1.044,4,12,3,0.0,0.02,0.82,15.0,54.0,0
2025-01-28,02:00,0.61,2,6,0,0.0,0.1,0.69,18.0,75.2,0
2025-01-28,03:00,0.695,4,9,0,0.0,0.12,0.51,16.3,60.3,0
2025-01-28,04:00,0.728,3,5,2,0.0,0.23,0.49,16.7,69.3,0
2025-01-28,05:00,0.697,3,6,0,0.0,0.05,0.75,18.9,51.4,0
2025-01-28,06:00,0.854,4,11,0,0.0,0.12,0.52,17.9,76.5,0
2025-01-28,07:00,0.725,3,3,1,0.0,0.05,0.37,20.9,57.0,0
2025-01-28,08:00,0.474,2,0,1,0.0,0.01,0.42,18.9,69.0,0
2025-01-28,09:00,0.64,2,1,0,0.0,0.4,0.52,20.7,67.4,0
2025-01-28,10:00,0.817,2,1,1,0.0,0.63,0.4,22.2,62.4,0
2025-01-28,11:00,0.954,2,1,1,0.0,0.81,0.83,19.6,71.6,0
2025-01-28,12:00,0.376,0,0,0,0.0,0.0,0.1,20.2,60.7,0
2025-01-28,13:00,0.456,0,0,0,0.0,0.0,0.15,22.2,66.0,0
2025-01-28,14:00,0.415,0,0,0,0.0,0.0,0.26,23.1,67.6,0
2025-01-28,15:00,0.326,0,0,0,0.0,0.0,0.27,21.5,68.3,0
2025-01-28,16:00,0.384,0,1,0,0.0,0.0,0.12,24.0,69.1,0
2025-01-28,17:00,0.733,1,0,0,0.0,0.63,0.81,19.5,68.2,0
2025-01-28,18:00,0.754,3,4,1,0.0,0.94,0.49,25.3,70.0,0
2025-01-28,19:00,0.924,2,4,0,0.0,0.88,0.78,21.8,66.4,0
2025-01-28,20:00,0.753,1,1,0,0.0,0.97,0.78,21.1,58.7,0
2025-01-28,21:00,0.923,3,5,0,0.0,0.49,0.9,22.5,51.7,0
2025-01-28,22:00,0.967,2,6,1,0.0,0.63,0.69,21.9,49.0,0
2025-01-28,23:00,0.396,1,1,0,0.0,0.05,0.31,22.6,65.0,0
2025-01-29,00:00,0.719,2,3,1,0.0,0.33,0.56,15.0,77.7,0
2025-01-29,01:00,0.86,3,9,2,0.0,0.11,0.68,15.0,67.2,0
2025-01-29,02:00,0.591,3,3,1,0.0,0.13,0.54,17.1,73.0,0
2025-01-29,03:00,0.68,1,3,0,0.0,0.29,0.57,18.5,68.5,0
2025-01-29,04:00,0.695,1,2,0,0.0,0.29,0.85,15.0,61.7,0
2025-01-29,05:00,0.414,2,5,0,0.0,0.25,0.22,17.5,73.8,0
2025-01-29,06:00,0.365,1,1,0,0.0,0.05,0.26,18.4,84.0,0
2025-01-29,07:00,0.298,1,0,0,0.0,0.18,0.24,16.6,68.5,0
2025-01-29,08:00,0.735,3,4,2,0.0,0.32,0.34,19.2,67.8,0
2025-01-29,09:00,0.725,2,3,0,0.0,0.41,0.55,19.3,80.3,0
2025-01-29,10:00,0.317,0,0,0,0.0,0.0,0.11,20.3,76.3,0
2025-01-29,11:00,0.307,0,0,0,0.0,0.0,0.21,21.7,36.1,0
2025-01-29,12:00,0.537,2,0,0,0.0,0.57,0.35,20.1,57.7,0
2025-01-29,13:00,0.351,0,0,0,0.0,0.0,0.18,22.2,65.4,0
2025-01-29,14:00,0.295,0,0,0,0.0,0.0,0.26,21.6,66.8,0
2025-01-29,15:00,0.309,0,0,0,0.0,0.0,0.2,22.7,65.6,0
2025-01-29,16:00,0.333,0,0,0,0.0,0.0,0.1,23.7,60.8,0
2025-01-29,17:00,0.794,2,0,1,0.0,0.54,0.62,23.4,79.4,0
2025-01-29,18:00,0.858,3,5,2,0.0,0.71,0.39,24.1,73.9,0
2025-01-29,19:00,0.673,2,4,0,0.0,0.84,0.28,20.8,49.5,0
2025-01-29,20:00,0.712,1,1,0,0.0,0.35,0.67,20.7,63.3,0
2025-01-29,21:00,0.866,1,1,0,0.0,0.84,0.75,22.0,70.1,0
2025-01-29,22:00,0.994,2,3,1,0.0,0.68,0.87,21.2,52.8,0
2025-01-29,23:00,0.787,2,4,0,0.0,0.19,0.8,21.8,55.8,0
2025-01-30,00:00,0.561,1,2,0,0.0,0.04,0.67,15.0,55.8,0
2025-01-30,01:00,0.726,2,4,0,0.0,0.34,0.63,15.0,47.6,0
2025-01-30,02:00,0.75,1,1,0,0.0,0.12,0.72,16.8,64.5,0
2025-01-30,03:00,0.759,2,4,1,0.0,0.09,0.65,16.7,73.3,0
2025-01-30,04:00,0.634,2,3,0,0.0,0.11,0.52,17.2,63.5,0
2025-01-30,05:00,0.793,2,6,0,0.0,0.14,0.6,16.2,64.6,0
2025-01-30,06:00,0.683,2,4,1,0.0,0.12,0.63,19.5,72.7,0
2025-01-30,07:00,0.623,3,2,0,0.0,0.02,0.9,19.6,73.9,0
2025-01-30,08:00,0.435,1,1,0,0.0,0.12,0.25,19.5,80.1,0
2025-01-30,09:00,0.243,0,0,0,0.0,0.0,0.17,18.4,68.7,0
2025-01-30,10:00,0.26,0,0,0,0.0,0.0,0.1,18.9,72.3,0
2025-01-30,11:00,0.83,1,0,0,0.0,0.67,0.63,18.5,70.5,0
2025-01-30,12:00,0.457,1,0,0,0.0,0.4,0.31,19.8,68.9,0
2025-01-30,13:00,0.456,0,0,0,0.0,0.0,0.23,20.6,55.2,0
2025-01-30,14:00,0.331,0,0,0,0.0,0.0,0.11,21.8,75.8,0
2025-01-30,15:00,0.333,0,0,0,0.0,0.0,0.11,21.0,49.5,0
2025-01-30,16:00,0.824,2,3,0,0.0,0.31,0.8,21.9,56.9,0
2025-01-30,17:00,0.331,0,0,0,0.0,0.0,0.26,23.3,69.5,0
2025-01-30,18:00,1.187,3,10,1,0.0,0.88,0.86,22.9,65.2,0
2025-01-30,19:00,0.92,3,5,1,0.0,0.57,0.72,22.1,62.4,0
2025-01-30,20:00,0.647,1,3,0,0.0,0.48,0.61,21.8,64.8,0
2025-01-30,21:00,1.101,3,10,2,0.0,0.96,0.45,22.2,57.7,0
2025-01-30,22:00,1.211,4,10,3,0.0,0.76,0.86,22.0,60.2,0
2025-01-30,23:00,1.002,4,8,3,0.0,0.04,0.81,19.6,55.6,0
2025-01-31,00:00,0.761,2,6,0,0.0,0.03,0.78,15.0,81.1,0
2025-01-31,01:00,0.839,3,8,1,0.0,0.01,0.81,16.1,78.4,0
2025-01-31,02:00,0.922,2,6,1,0.0,0.31,0.77,17.0,61.5,0
2025-01-31,03:00,0.691,3,8,1,0.0,0.01,0.24,15.0,58.9,0
2025-01-31,04:00,0.481,1,2,0,0.0,0.11,0.26,15.4,53.8,0
2025-01-31,05:00,0.754,3,8,2,0.0,0.11,0.53,18.6,72.7,0
2025-01-31,06:00,0.759,3,9,0,0.0,0.15,0.33,17.9,80.2,0
2025-01-31,07:00,1.09,4,4,2,0.0,0.32,0.88,16.6,69.8,0
2025-01-31,08:00,0.517,2,1,0,0.0,0.03,0.46,18.9,58.5,0
2025-01-31,09:00,0.398,0,0,0,0.0,0.0,0.21,19.5,43.2,0
2025-01-31,10:00,0.199,0,0,0,0.0,0.0,0.24,21.6,49.1,0
2025-01-31,11:00,0.243,0,0,0,0.0,0.0,0.11,18.4,60.0,0
2025-01-31,12:00,0.497,1,0,0,0.0,0.39,0.43,22.1,56.7,0
2025-01-31,13:00,0.214,0,0,0,0.0,0.0,0.13,19.9,59.4,0
2025-01-31,14:00,0.672,2,3,1,0.0,0.82,0.23,25.3,41.3,0
2025-01-31,15:00,0.754,2,2,1,0.0,0.48,0.55,23.8,53.2,0
2025-01-31,16:00,0.325,0,0,0,0.0,0.0,0.1,22.8,57.8,0
2025-01-31,17:00,0.743,2,1,1,0.0,0.73,0.73,22.6,70.1,0
2025-01-31,18:00,0.856,2,6,1,0.0,0.41,0.8,21.5,81.9,0
2025-01-31,19:00,0.849,1,1,0,0.0,0.61,0.9,20.7,67.3,0
2025-01-31,20:00,1.044,3,6,1,0.0,0.89,0.81,23.4,63.5,0
2025-01-31,21:00,0.854,2,3,1,0.0,0.71,0.61,22.5,64.3,0
2025-01-31,22:00,0.993,2,2,1,0.0,0.77,0.82,20.4,61.1,0
2025-01-31,23:00,0.957,4,12,0,0.0,0.03,0.78,21.9,51.7,0
2025-02-01,00:00,0.853,3,3,2,0.0,0.23,0.87,15.0,74.1,1
2025-02-01,01:00,0.502,3,3,1,0.0,0.11,0.24,17.0,78.1,1
2025-02-01,02:00,0.684,3,4,2,0.0,0.3,0.26,16.9,62.8,1
2025-02-01,03:00,0.913,4,5,1,0.0,0.15,0.76,15.7,62.9,1
2025-02-01,04:00,1.01,4,12,2,0.0,0.17,0.82,16.6,61.0,1
2025-02-01,05:00,0.606,4,8,1,0.0,0.01,0.44,17.6,65.9,1
2025-02-01,06:00,0.514,2,4,1,0.0,0.18,0.4,18.3,79.7,1
2025-02-01,07:00,0.706,5,7,2,0.0,0.1,0.23,19.6,66.9,1
2025-02-01,08:00,0.529,3,0,1,0.0,0.2,0.38,19.7,65.0,1
2025-02-01,09:00,0.752,2,0,0,0.0,0.36,0.81,20.2,74.5,1
2025-02-01,10:00,1.01,4,4,1,0.0,0.98,0.81,19.1,58.4,1
2025-02-01,11:00,0.429,2,1,0,0.0,0.38,0.32,21.4,46.4,1
2025-02-01,12:00,1.004,5,5,2,0.0,0.73,0.88,20.3,44.5,1
2025-02-01,13:00,0.745,2,0,0,0.0,0.31,0.88,22.9,54.8,1
2025-02-01,14:00,0.769,4,3,2,0.0,0.85,0.33,22.3,75.9,1
2025-02-01,15:00,0.869,2,2,1,0.0,0.63,0.8,23.4,67.1,1
2025-02-01,16:00,0.843,4,0,0,0.0,0.74,0.7,22.8,73.9,1
2025-02-01,17:00,0.761,3,2,1,0.0,0.71,0.63,22.2,51.5,1
2025-02-01,18:00,0.811,4,9,1,0.0,0.52,0.24,23.1,50.8,1
2025-02-01,19:00,0.713,3,8,0,0.0,0.5,0.33,21.7,38.7,1
2025-02-01,20:00,1.197,5,9,3,0.0,0.89,0.66,22.4,68.8,1
2025-02-01,21:00,1.236,4,11,3,0.0,0.86,0.79,22.9,79.8,1
2025-02-01,22:00,0.49,4,5,0,0.0,0.72,0.27,21.5,78.7,1
2025-02-01,23:00,0.782,2,6,0,0.0,0.06,0.78,23.5,61.8,1
2025-02-02,00:00,0.583,3,7,0,0.0,0.08,0.38,15.2,67.6,1
2025-02-02,01:00,0.768,2,5,1,0.0,0.23,0.69,16.2,71.8,1
2025-02-02,02:00,0.864,4,5,0,0.0,0.21,0.75,15.0,71.2,1
2025-02-02,03:00,0.879,4,13,0,0.0,0.1,0.51,15.6,77.7,1
2025-02-02,04:00,0.632,4,7,0,0.0,0.3,0.51,16.8,61.2,1
2025-02-02,05:00,0.624,3,4,1,0.0,0.26,0.45,18.5,67.9,1
2025-02-02,06:00,0.643,3,5,2,0.0,0.14,0.49,19.2,77.7,1
2025-02-02,07:00,0.516,2,0,1,0.0,0.33,0.26,19.2,62.5,1
2025-02-02,08:00,0.866,2,2,1,0.0,0.22,0.83,19.9,62.9,1
2025-02-02,09:00,0.705,3,2,2,0.0,0.69,0.41,20.3,56.8,1
2025-02-02,10:00,0.854,3,2,2,0.0,0.79,0.51,20.4,62.5,1
2025-02-02,11:00,1.658,4,5,1,0.0,1.0,0.41,22.2,53.0,1
2025-02-02,12:00,1.481,3,2,0,0.0,1.0,0.42,20.7,42.8,1
2025-02-02,13:00,0.566,5,0,0,0.0,0.56,0.64,23.0,63.8,1
2025-02-02,14:00,0.938,2,1,1,0.0,0.62,0.89,23.6,65.3,1
2025-02-02,15:00,0.786,3,3,1,0.0,0.5,0.75,18.8,75.4,1
2025-02-02,16:00,0.765,3,1,0,0.0,0.71,0.78,21.5,48.5,1
2025-02-02,17:00,0.644,2,3,0,0.0,0.61,0.46,22.9,63.4,1
2025-02-02,18:00,0.865,3,5,1,0.0,0.6,0.51,21.3,56.2,1
2025-02-02,19:00,0.879,2,5,0,0.0,0.79,0.8,21.9,64.7,1
2025-02-02,20:00,1.107,4,13,1,0.0,0.97,0.62,22.7,72.6,1
2025-02-02,21:00,0.987,3,10,0,0.0,0.64,0.75,22.5,67.3,1
2025-02-02,22:00,1.024,4,12,0,0.0,0.87,0.54,21.6,60.7,1
2025-02-02,23:00,0.996,3,9,2,0.0,0.17,0.7,22.3,50.6,1
2025-02-03,00:00,0.637,2,4,0,0.0,0.3,0.43,15.0,55.2,0
2025-02-03,01:00,0.875,2,6,1,0.0,0.26,0.65,15.0,68.1,0
2025-02-03,02:00,0.819,3,8,1,0.0,0.04,0.59,15.3,54.2,0
2025-02-03,03:00,0.721,1,2,0,0.0,0.04,0.86,17.8,77.3,0
2025-02-03,04:00,0.77,2,5,1,0.0,0.16,0.76,18.9,66.4,0
2025-02-03,05:00,0.6,2,4,1,0.0,0.11,0.38,16.7,67.2,0
2025-02-03,06:00,0.56,1,1,0,0.0,0.11,0.49,18.6,68.0,0
2025-02-03,07:00,0.51,2,1,0,0.0,0.11,0.46,20.0,66.9,0
2025-02-03,08:00,0.675,3,3,1,0.0,0.26,0.47,19.7,68.3,0
2025-02-03,09:00,0.342,0,0,0,0.0,0.0,0.12,20.0,53.9,0
2025-02-03,10:00,0.493,1,1,0,0.0,0.58,0.26,19.8,56.9,0
2025-02-03,11:00,3.264,1,0,0,0.0,0.94,2.0,20.1,43.1,0
2025-02-03,12:00,0.303,0,0,0,0.0,0.0,0.12,19.9,53.6,0
2025-02-03,13:00,0.475,1,0,0,0.0,0.67,0.25,23.4,64.9,0
2025-02-03,14:00,0.662,1,1,0,0.0,0.45,0.55,21.2,44.8,0
2025-02-03,15:00,0.398,1,0,0,0.0,0.53,0.35,19.8,45.2,0
2025-02-03,16:00,0.357,0,1,0,0.0,0.0,0.1,21.1,82.2,0
2025-02-03,17:00,0.274,0,0,0,0.0,0.0,0.2,22.5,57.9,0
2025-02-03,18:00,0.68,2,2,1,0.0,0.56,0.62,24.2,49.1,0
2025-02-03,19:00,0.831,2,3,0,0.0,0.82,0.73,24.0,65.8,0
2025-02-03,20:00,1.071,3,7,2,0.0,0.45,0.89,22.1,55.7,0
2025-02-03,21:00,0.506,1,3,0,0.0,0.38,0.39,22.1,58.1,0
2025-02-03,22:00,0.881,3,8,1,0.0,0.42,0.61,22.3,67.7,0
2025-02-03,23:00,0.806,3,5,2,0.0,0.01,0.88,20.9,75.6,0
2025-02-04,00:00,0.772,3,3,1,0.0,0.24,0.66,15.0,57.0,0
2025-02-04,01:00,0.751,2,4,1,0.0,0.02,0.7,15.0,62.8,0
2025-02-04,02:00,0.808,2,4,0,0.0,0.31,0.77,17.0,59.6,0
2025-02-04,03:00,0.387,1,1,0,0.0,0.22,0.22,16.2,87.7,0
2025-02-04,04:00,1.034,4,12,0,0.0,0.17,0.87,19.0,66.9,0
2025-02-04,05:00,0.539,2,4,0,0.0,0.16,0.29,15.5,67.0,0
2025-02-04,06:00,1.004,3,8,2,0.0,0.02,0.76,19.0,59.3,0
2025-02-04,07:00,0.556,1,1,0,0.0,0.22,0.49,19.1,66.8,0
2025-02-04,08:00,1.562,2,1,0,0.0,1.0,0.27,19.6,50.2,0
2025-02-04,09:00,0.616,1,1,0,0.0,0.93,0.29,18.3,65.9,0
2025-02-04,10:00,0.391,1,0,0,0.0,0.33,0.29,19.4,73.0,0
2025-02-04,11:00,0.397,0,0,0,0.0,0.0,0.19,20.0,55.2,0
2025-02-04,12:00,0.759,1,0,0,0.0,0.87,0.59,22.6,59.4,0
2025-02-04,13:00,0.313,0,0,0,0.0,0.0,0.21,21.9,57.9,0
2025-02-04,14:00,0.582,1,0,0,0.0,0.53,0.27,21.1,44.4,0
2025-02-04,15:00,0.683,1,0,0,0.0,0.64,0.74,20.3,75.8,0
2025-02-04,16:00,0.247,0,0,0,0.0,0.0,0.1,22.8,52.5,0
2025-02-04,17:00,0.648,2,1,1,0.0,0.44,0.4,23.7,47.8,0
2025-02-04,18:00,0.729,3,5,0,0.0,0.42,0.38,22.4,68.0,0
2025-02-04,19:00,0.552,2,3,0,0.0,0.56,0.46,23.8,49.1,0
2025-02-04,20:00,0.894,2,4,1,0.0,0.38,0.82,20.2,60.3,0
2025-02-04,21:00,0.848,2,5,1,0.0,0.83,0.61,22.7,58.6,0
2025-02-04,22:00,0.653,2,5,0,0.0,0.39,0.56,21.7,67.8,0
2025-02-04,23:00,0.618,2,3,0,0.0,0.31,0.73,20.9,66.7,0
2025-02-05,00:00,0.726,3,7,1,0.0,0.33,0.53,15.0,66.3,0
2025-02-05,01:00,0.61,3,6,0,0.0,0.08,0.5,15.0,63.0,0
2025-02-05,02:00,0.641,2,2,1,0.0,0.1,0.56,17.0,81.6,0
2025-02-05,03:00,0.527,2,4,0,0.0,0.1,0.22,16.6,60.2,0
2025-02-05,04:00,0.702,4,7,2,0.0,0.19,0.25,16.8,69.7,0
2025-02-05,05:00,0.823,2,5,0,0.0,0.26,0.74,18.3,56.7,0
2025-02-05,06:00,0.544,1,3,0,0.0,0.19,0.38,18.6,77.2,0
2025-02-05,07:00,0.798,3,4,0,0.0,0.23,0.89,17.6,89.3,0
2025-02-05,08:00,0.479,3,1,0,0.0,0.21,0.59,19.7,58.3,0
2025-02-05,09:00,0.402,0,1,0,0.0,0.0,0.15,20.2,79.9,0
2025-02-05,10:00,0.754,2,1,1,0.0,0.65,0.66,20.9,63.9,0
2025-02-05,11:00,0.401,1,0,0,0.0,0.7,0.22,21.4,62.8,0
2025-02-05,12:00,0.533,1,1,0,0.0,0.7,0.47,25.0,55.4,0
2025-02-05,13:00,0.374,0,1,0,0.0,0.0,0.12,23.6,52.4,0
2025-02-05,14:00,0.719,1,1,0,0.0,0.44,0.84,21.6,56.8,0
2025-02-05,15:00,0.352,0,0,0,0.0,0.0,0.25,22.7,50.7,0
2025-02-05,16:00,0.395,0,0,0,0.0,0.0,0.25,23.0,61.1,0
2025-02-05,17:00,0.214,0,0,0,0.0,0.0,0.1,24.8,66.3,0
2025-02-05,18:00,0.933,4,8,3,0.0,0.72,0.37,21.7,64.0,0
2025-02-05,19:00,0.778,1,2,0,0.0,0.54,0.79,23.8,58.1,0
2025-02-05,20:00,0.72,3,6,0,0.0,0.73,0.5,20.6,74.9,0
2025-02-05,21:00,0.841,1,3,0,0.0,0.92,0.58,23.3,74.0,0
2025-02-05,22:00,0.88,4,13,1,0.0,0.83,0.28,23.7,67.5,0
2025-02-05,23:00,0.509,1,1,0,0.0,0.01,0.65,23.0,63.3,0
2025-02-06,00:00,0.718,2,3,0,0.0,0.09,0.7,15.0,69.2,0
2025-02-06,01:00,0.736,3,8,1,0.0,0.16,0.4,16.6,61.9,0
2025-02-06,02:00,0.638,1,1,0,0.0,0.06,0.67,16.6,54.3,0
2025-02-06,03:00,0.868,3,7,1,0.0,0.02,0.64,16.3,73.0,0
2025-02-06,04:00,0.421,1,2,0,0.0,0.21,0.23,15.9,53.8,0
2025-02-06,05:00,0.623,1,1,0,0.0,0.29,0.68,18.0,70.5,0
2025-02-06,06:00,0.858,3,8,2,0.0,0.02,0.56,18.5,63.4,0
2025-02-06,07:00,1.088,2,1,0,0.0,1.0,0.43,17.6,48.6,0
2025-02-06,08:00,0.626,3,1,1,0.0,0.02,0.82,19.4,70.8,0
2025-02-06,09:00,0.496,1,1,0,0.0,0.48,0.27,20.8,78.7,0
2025-02-06,10:00,0.658,2,2,0,0.0,0.42,0.73,19.4,56.7,0
2025-02-06,11:00,0.773,2,1,1,0.0,0.82,0.55,17.7,66.8,0
2025-02-06,12:00,0.577,1,0,0,0.0,0.6,0.37,21.4,62.7,0
2025-02-06,13:00,0.753,1,0,0,0.0,0.99,0.51,21.9,65.1,0
2025-02-06,14:00,0.726,1,0,0,0.0,0.59,0.77,22.6,68.2,0
2025-02-06,15:00,0.478,0,1,1,0.0,0.0,0.23,21.3,58.9,0
2025-02-06,16:00,0.18,0,0,0,0.0,0.0,0.1,22.8,81.5,0
2025-02-06,17:00,0.346,0,0,0,0.0,0.0,0.23,22.6,85.3,0
2025-02-06,18:00,0.71,2,3,0,0.0,0.6,0.62,21.2,62.2,0
2025-02-06,19:00,0.876,2,6,0,0.0,0.56,0.53,23.9,66.8,0
2025-02-06,20:00,0.846,1,3,0,0.0,0.83,0.5,21.4,55.8,0
2025-02-06,21:00,0.658,1,2,0,0.0,0.5,0.59,23.5,48.7,0
2025-02-06,22:00,0.799,1,3,0,0.0,0.9,0.71,20.9,76.6,0
2025-02-06,23:00,0.824,2,3,1,0.0,0.02,0.82,22.4,48.8,0
2025-02-07,00:00,0.633,1,2,0,0.0,0.27,0.73,16.8,82.1,0
2025-02-07,01:00,0.785,2,4,0,0.0,0.17,0.85,16.8,63.4,0
2025-02-07,02:00,0.624,3,4,1,0.0,0.33,0.3,15.7,64.2,0
2025-02-07,03:00,0.776,1,2,0,0.0,0.25,0.88,17.9,67.6,0
2025-02-07,04:00,0.656,1,2,0,0.0,0.18,0.57,18.9,53.3,0
2025-02-07,05:00,0.687,3,4,1,0.0,0.28,0.77,16.4,66.4,0
2025-02-07,06:00,0.493,3,3,0,0.0,0.17,0.27,18.5,80.6,0
2025-02-07,07:00,0.597,1,0,0,0.0,0.17,0.55,17.4,62.8,0
2025-02-07,08:00,0.826,2,2,1,0.0,0.07,0.89,18.4,61.8,0
2025-02-07,09:00,1.236,0,16,0,0.0,0.0,0.1,18.8,75.3,0
2025-02-07,10:00,0.358,0,0,0,0.0,0.0,0.18,20.0,59.4,0
2025-02-07,11:00,0.705,2,2,1,0.0,0.63,0.44,20.7,76.6,0
2025-02-07,12:00,0.794,2,2,1,0.0,0.77,0.46,19.4,79.2,0
2025-02-07,13:00,0.681,1,1,0,0.0,0.4,0.62,22.0,71.0,0
2025-02-07,14:00,0.623,1,0,0,0.0,0.76,0.53,21.6,77.6,0
2025-02-07,15:00,0.325,0,0,0,0.0,0.0,0.23,22.6,79.3,0
2025-02-07,16:00,0.444,0,0,0,0.0,0.0,0.15,20.8,67.6,0
2025-02-07,17:00,0.488,1,0,0,0.0,0.4,0.56,21.3,76.1,0
2025-02-07,18:00,0.781,1,3,0,0.0,0.77,0.58,23.4,51.8,0
2025-02-07,19:00,0.733,2,3,1,0.0,0.76,0.26,21.9,73.2,0
2025-02-07,20:00,0.913,4,13,3,0.0,0.45,0.38,22.2,56.2,0
2025-02-07,21:00,1.119,3,4,2,0.0,0.91,0.85,22.5,69.9,0
2025-02-07,22:00,0.749,2,5,1,0.0,0.57,0.65,20.5,54.7,0
2025-02-07,23:00,0.701,1,1,0,0.0,0.33,0.72,20.7,63.8,0
2025-02-08,00:00,0.907,5,12,0,0.0,0.02,0.57,15.0,81.5,1
2025-02-08,01:00,0.906,4,9,2,0.0,0.08,0.48,15.0,57.0,1
2025-02-08,02:00,1.098,5,14,2,0.0,0.16,0.62,15.1,68.3,1
2025-02-08,03:00,0.81,3,10,0,0.0,0.35,0.69,17.7,61.2,1
2025-02-08,04:00,1.046,4,8,3,0.0,0.12,0.78,17.5,55.0,1
2025-02-08,05:00,0.878,4,6,1,0.0,0.14,0.89,19.3,63.0,1
2025-02-08,06:00,0.854,3,5,2,0.0,0.35,0.73,20.1,38.4,1
2025-02-08,07:00,0.594,4,2,0,0.0,0.26,0.61,19.5,61.7,1
2025-02-08,08:00,0.509,3,0,0,0.0,0.24,0.4,20.3,50.6,1
2025-02-08,09:00,0.825,4,4,2,0.0,0.99,0.3,20.4,63.1,1
2025-02-08,10:00,0.799,5,0,4,0.0,0.43,0.24,18.2,73.2,1
2025-02-08,11:00,0.681,3,0,0,0.0,0.64,0.68,20.5,76.9,1
2025-02-08,12:00,1.026,4,5,2,0.0,0.84,0.81,20.5,55.2,1
2025-02-08,13:00,0.607,2,1,1,0.0,0.66,0.22,20.8,59.5,1
2025-02-08,14:00,0.737,4,5,0,0.0,0.64,0.65,21.0,59.3,1
2025-02-08,15:00,0.855,4,1,3,0.0,0.31,0.59,22.8,81.7,1
2025-02-08,16:00,0.775,3,3,2,0.0,0.85,0.29,22.9,50.8,1
2025-02-08,17:00,0.63,2,1,1,0.0,0.39,0.29,19.3,69.7,1
2025-02-08,18:00,0.855,4,5,3,0.0,0.65,0.45,23.3,72.1,1
2025-02-08,19:00,1.117,5,11,3,0.0,0.76,0.51,22.1,70.5,1
2025-02-08,20:00,0.869,5,10,2,0.0,0.45,0.27,21.9,50.7,1
2025-02-08,21:00,0.974,5,12,1,0.0,0.55,0.29,21.4,56.7,1
2025-02-08,22:00,0.708,3,9,1,0.0,0.36,0.38,22.7,65.1,1
2025-02-08,23:00,0.967,5,14,0,0.0,0.13,0.66,22.4,76.5,1
2025-02-09,00:00,0.709,2,6,0,0.0,0.01,0.62,15.0,60.6,1
2025-02-09,01:00,0.895,4,8,1,0.0,0.1,0.81,15.6,63.1,1
2025-02-09,02:00,0.707,5,10,0,0.0,0.32,0.32,16.9,66.3,1
2025-02-09,03:00,1.104,4,12,2,0.0,0.21,0.83,15.3,54.5,1
2025-02-09,04:00,0.941,3,8,2,0.0,0.19,0.62,18.0,61.6,1
2025-02-09,05:00,0.469,2,2,0,0.0,0.26,0.24,16.3,78.1,1
2025-02-09,06:00,0.99,3,7,2,0.0,0.06,0.89,19.9,61.1,1
2025-02-09,07:00,0.956,4,5,1,0.0,0.3,0.86,17.2,44.0,1
2025-02-09,08:00,0.483,2,2,1,0.0,0.06,0.24,19.0,68.2,1
2025-02-09,09:00,0.714,3,2,2,0.0,0.64,0.56,18.2,82.8,1
2025-02-09,10:00,0.921,3,3,2,0.0,0.82,0.7,21.7,52.3,1
2025-02-09,11:00,0.827,4,6,2,0.0,0.73,0.63,18.8,62.6,1
2025-02-09,12:00,0.783,3,1,0,0.0,0.89,0.56,20.0,45.1,1
2025-02-09,13:00,0.762,5,2,2,0.0,0.84,0.28,21.2,59.2,1
2025-02-09,14:00,3.135,4,4,0,0.0,0.51,2.0,21.7,69.0,1
2025-02-09,15:00,0.54,2,1,0,0.0,0.38,0.44,20.4,65.2,1
2025-02-09,16:00,0.771,3,1,1,0.0,0.93,0.49,22.2,62.7,1
2025-02-09,17:00,0.798,3,1,2,0.0,0.68,0.39,22.4,61.8,1
2025-02-09,18:00,0.93,2,5,0,0.0,0.92,0.7,21.8,53.3,1
2025-02-09,19:00,1.08,2,5,1,0.0,0.97,0.89,23.1,53.4,1
2025-02-09,20:00,0.958,4,5,3,0.0,0.85,0.48,20.9,63.7,1
2025-02-09,21:00,0.925,4,5,1,0.0,0.31,0.68,20.2,80.4,1
2025-02-09,22:00,0.542,3,3,1,0.0,0.5,0.26,22.5,52.5,1
2025-02-09,23:00,0.711,2,3,1,0.0,0.23,0.5,22.3,65.0,1
2025-02-10,00:00,0.797,3,7,0,0.0,0.3,0.64,15.0,62.4,0
2025-02-10,01:00,0.591,1,1,0,0.0,0.3,0.47,15.7,65.5,0
2025-02-10,02:00,0.535,2,4,0,0.0,0.15,0.24,15.0,40.4,0
2025-02-10,03:00,0.55,3,4,0,0.0,0.23,0.43,17.0,63.8,0
2025-02-10,04:00,0.433,2,3,0,0.0,0.12,0.28,16.5,79.4,0
2025-02-10,05:00,0.769,3,8,1,0.0,0.21,0.37,15.8,72.9,0
2025-02-10,06:00,0.781,1,2,0,0.0,0.01,0.88,17.6,63.0,0
2025-02-10,07:00,0.79,4,4,1,0.0,0.17,0.73,17.1,61.2,0
2025-02-10,08:00,0.728,2,2,1,0.0,0.27,0.79,19.5,68.2,0
2025-02-10,09:00,0.345,0,0,0,0.0,0.0,0.26,19.3,60.6,0
2025-02-10,10:00,0.851,2,1,1,0.0,0.34,0.88,20.7,69.9,0
2025-02-10,11:00,0.316,0,0,0,0.0,0.0,0.18,22.8,49.8,0
2025-02-10,12:00,0.36,0,0,0,0.0,0.0,0.1,20.5,58.9,0
2025-02-10,13:00,0.475,2,1,0,0.0,0.38,0.36,20.9,61.4,0
2025-02-10,14:00,0.738,2,0,0,0.0,0.91,0.24,21.5,76.2,0
2025-02-10,15:00,0.913,1,1,0,0.0,0.96,0.82,21.7,73.1,0
2025-02-10,16:00,0.26,0,1,0,0.0,0.0,0.1,24.1,76.5,0
2025-02-10,17:00,0.761,1,1,0,0.0,0.71,0.71,24.0,60.6,0
2025-02-10,18:00,0.727,2,5,0,0.0,0.61,0.43,23.4,58.5,0
2025-02-10,19:00,0.828,3,6,0,0.0,0.64,0.55,24.1,52.0,0
2025-02-10,20:00,0.782,2,6,0,0.0,0.5,0.42,22.6,56.0,0
2025-02-10,21:00,0.893,2,4,1,0.0,0.58,0.71,20.7,65.1,0
2025-02-10,22:00,0.748,1,2,0,0.0,0.31,0.78,21.9,60.6,0
2025-02-10,23:00,0.863,2,6,0,0.0,0.28,0.58,21.3,60.0,0
2025-02-11,00:00,0.508,1,2,0,0.0,0.29,0.42,15.1,63.6,0
2025-02-11,01:00,0.728,1,1,0,0.0,0.04,0.82,15.4,65.3,0
2025-02-11,02:00,0.718,2,4,0,0.0,0.1,0.85,16.6,65.9,0
2025-02-11,03:00,0.689,4,6,3,0.0,0.1,0.25,15.0,76.5,0
2025-02-11,04:00,0.528,1,1,0,0.0,0.15,0.43,15.1,84.4,0
2025-02-11,05:00,0.567,2,6,0,0.0,0.17,0.46,18.6,59.1,0
2025-02-11,06:00,0.839,3,9,2,0.0,0.27,0.3,19.8,53.8,0
2025-02-11,07:00,0.438,1,0,0,0.0,0.05,0.43,19.6,81.9,0
2025-02-11,08:00,0.772,2,1,1,0.0,0.21,0.65,19.3,54.7,0
2025-02-11,09:00,0.35,0,0,0,0.0,0.0,0.11,21.9,52.8,0
2025-02-11,10:00,0.591,1,1,0,0.0,0.36,0.45,19.9,51.6,0
2025-02-11,11:00,0.388,0,1,0,0.0,0.0,0.24,23.0,56.1,0
2025-02-11,12:00,0.553,1,0,0,0.0,0.59,0.35,22.0,70.6,0
2025-02-11,13:00,0.44,1,1,0,0.0,0.34,0.27,23.5,59.2,0
2025-02-11,14:00,0.412,0,0,0,0.0,0.0,0.11,20.3,65.2,0
2025-02-11,15:00,0.255,0,0,0,0.0,0.0,0.16,22.3,63.0,0
2025-02-11,16:00,0.306,0,0,0,0.0,0.0,0.19,20.7,68.0,0
2025-02-11,17:00,0.754,2,1,1,0.0,0.48,0.6,22.0,53.7,0
2025-02-11,18:00,0.821,2,2,0,0.0,0.97,0.72,22.9,84.4,0
2025-02-11,19:00,0.653,2,2,1,0.0,0.63,0.66,22.7,73.6,0
2025-02-11,20:00,0.644,2,4,0,0.0,0.37,0.45,22.1,64.3,0
2025-02-11,21:00,0.637,2,2,1,0.0,0.43,0.34,21.1,65.2,0
2025-02-11,22:00,0.652,2,2,1,0.0,0.64,0.23,21.9,66.4,0
2025-02-11,23:00,0.33,2,3,0,0.0,0.12,0.29,22.1,62.3,0
2025-02-12,00:00,1.331,2,16,1,0.0,0.01,0.76,15.0,85.6,0
2025-02-12,01:00,0.687,1,2,0,0.0,0.28,0.66,15.6,46.3,0
2025-02-12,02:00,0.723,2,5,1,0.0,0.33,0.44,17.4,87.2,0
2025-02-12,03:00,0.764,3,8,1,0.0,0.07,0.63,15.2,73.4,0
2025-02-12,04:00,0.83,2,6,0,0.0,0.3,0.58,17.8,76.5,0
2025-02-12,05:00,0.64,4,6,1,0.0,0.13,0.26,17.0,72.8,0
2025-02-12,06:00,1.652,2,3,1,0.0,1.0,0.3,18.1,57.2,0
2025-02-12,07:00,0.425,1,0,0,0.0,0.33,0.46,19.7,77.6,0
2025-02-12,08:00,2.975,3,3,1,1.0,0.23,0.72,18.2,64.5,0
2025-02-12,09:00,0.346,0,0,0,0.0,0.0,0.1,21.9,67.7,0
2025-02-12,10:00,0.453,0,0,0,0.0,0.0,0.25,18.6,47.7,0
2025-02-12,11:00,1.869,2,16,1,0.0,0.63,0.39,19.8,59.5,0
2025-02-12,12:00,0.737,1,1,0,0.0,0.34,0.77,21.7,67.8,0
2025-02-12,13:00,0.49,1,0,0,0.0,0.42,0.3,18.3,65.2,0
2025-02-12,14:00,0.371,0,0,0,0.0,0.0,0.25,24.0,70.7,0
2025-02-12,15:00,0.389,0,0,0,0.0,0.0,0.16,22.5,38.6,0
2025-02-12,16:00,0.261,0,1,0,0.0,0.0,0.23,23.0,36.0,0
2025-02-12,17:00,0.267,0,0,0,0.0,0.0,0.21,21.5,60.2,0
2025-02-12,18:00,0.995,3,10,1,0.0,0.52,0.75,22.5,60.1,0
2025-02-12,19:00,0.737,3,7,1,0.0,0.7,0.23,21.6,86.3,0
2025-02-12,20:00,0.609,3,7,0,0.0,0.45,0.33,23.1,75.6,0
2025-02-12,21:00,0.986,2,6,0,0.0,0.65,0.9,19.5,58.3,0
2025-02-12,22:00,0.79,2,6,0,0.0,0.95,0.52,20.6,78.1,0
2025-02-12,23:00,0.976,3,8,1,0.0,0.25,0.86,22.7,54.1,0
2025-02-13,00:00,0.544,3,4,0,0.0,0.33,0.27,15.2,69.4,0
2025-02-13,01:00,0.876,3,8,2,0.0,0.07,0.74,15.0,59.1,0
2025-02-13,02:00,0.994,4,8,3,0.0,0.16,0.84,17.5,78.2,0
2025-02-13,03:00,0.749,2,3,1,0.0,0.11,0.83,15.0,83.2,0
2025-02-13,04:00,0.694,4,5,0,0.0,0.28,0.79,16.8,64.9,0
2025-02-13,05:00,0.683,2,4,0,0.0,0.22,0.48,17.2,71.7,0
2025-02-13,06:00,0.823,4,8,2,0.0,0.14,0.42,19.2,59.7,0
2025-02-13,07:00,0.787,2,1,1,0.0,0.32,0.79,19.3,67.5,0
2025-02-13,08:00,0.39,1,0,0,0.0,0.05,0.63,18.9,68.2,0
2025-02-13,09:00,0.772,2,2,1,0.0,0.43,0.66,18.9,80.3,0
2025-02-13,10:00,2.473,1,1,0,1.0,0.48,0.24,21.0,80.8,0
2025-02-13,11:00,0.281,0,0,0,0.0,0.0,0.1,21.1,67.3,0
2025-02-13,12:00,0.293,0,0,0,0.0,0.0,0.16,21.9,58.6,0
2025-02-13,13:00,0.308,0,0,0,0.0,0.0,0.25,21.0,73.7,0
2025-02-13,14:00,0.367,0,0,0,0.0,0.0,0.27,20.3,48.9,0
2025-02-13,15:00,0.621,1,0,0,0.0,0.83,0.35,22.1,61.9,0
2025-02-13,16:00,0.289,0,0,0,0.0,0.0,0.1,22.6,60.2,0
2025-02-13,17:00,0.283,0,0,0,0.0,0.0,0.26,23.3,57.4,0
2025-02-13,18:00,0.973,3,8,2,0.0,0.37,0.76,22.5,68.4,0
2025-02-13,19:00,0.552,2,5,0,0.0,0.52,0.28,22.1,60.2,0
2025-02-13,20:00,1.133,3,9,1,0.0,0.92,0.87,22.7,70.5,0
2025-02-13,21:00,0.664,2,4,0,0.0,0.87,0.5,23.4,78.7,0
2025-02-13,22:00,0.691,2,3,0,0.0,0.31,0.68,21.9,69.1,0
2025-02-13,23:00,0.597,1,1,0,0.0,0.08,0.59,20.8,59.8,0
2025-02-14,00:00,0.783,3,7,1,0.0,0.24,0.5,16.9,59.7,0
2025-02-14,01:00,0.621,2,2,0,0.0,0.21,0.61,15.0,63.9,0
2025-02-14,02:00,0.607,3,7,0,0.0,0.16,0.29,16.0,66.6,0
2025-02-14,03:00,0.508,1,2,0,0.0,0.15,0.41,16.2,57.2,0
2025-02-14,04:00,0.762,3,7,0,0.0,0.1,0.89,16.6,69.2,0
2025-02-14,05:00,0.573,1,1,0,0.0,0.05,0.9,17.5,78.3,0
2025-02-14,06:00,0.716,1,2,0,0.0,0.29,0.58,17.9,57.9,0
2025-02-14,07:00,0.628,1,0,0,0.0,0.24,0.75,18.6,66.7,0
2025-02-14,08:00,0.611,2,0,0,0.0,0.05,0.61,18.3,43.1,0
2025-02-14,09:00,0.241,0,0,0,0.0,0.0,0.12,17.7,59.1,0
2025-02-14,10:00,0.564,1,1,0,0.0,0.88,0.37,19.7,64.2,0
2025-02-14,11:00,0.345,0,0,0,0.0,0.0,0.14,18.9,74.7,0
2025-02-14,12:00,0.711,1,0,0,0.0,0.96,0.7,20.0,79.0,0
2025-02-14,13:00,0.393,0,0,0,0.0,0.0,0.1,19.6,79.0,0
2025-02-14,14:00,2.056,1,1,0,0.0,0.37,2.0,23.0,65.8,0
2025-02-14,15:00,0.311,0,0,0,0.0,0.0,0.1,22.5,76.2,0
2025-02-14,16:00,0.237,0,0,0,0.0,0.0,0.1,23.2,70.8,0
2025-02-14,17:00,0.747,1,0,0,0.0,0.6,0.68,20.9,60.1,0
2025-02-14,18:00,0.486,1,1,0,0.0,0.35,0.27,23.3,59.4,0
2025-02-14,19:00,0.927,3,9,0,0.0,0.44,0.75,24.1,57.0,0
2025-02-14,20:00,0.783,3,4,1,0.0,0.79,0.53,22.0,75.2,0
2025-02-14,21:00,0.653,1,3,0,0.0,0.31,0.53,24.6,58.8,0
2025-02-14,22:00,0.794,1,2,0,0.0,0.72,0.88,22.3,68.9,0
2025-02-14,23:00,0.719,2,6,1,0.0,0.18,0.32,20.9,77.2,0
2025-02-15,00:00,1.712,4,8,2,0.0,1.0,0.38,15.7,71.3,1
2025-02-15,01:00,1.021,4,12,3,0.0,0.17,0.39,15.4,60.7,1
2025-02-15,02:00,0.551,3,5,2,0.0,0.13,0.22,15.3,62.4,1
2025-02-15,03:00,0.835,5,10,0,0.0,0.1,0.64,15.4,67.9,1
2025-02-15,04:00,0.692,4,6,3,0.0,0.12,0.43,19.9,48.1,1
2025-02-15,05:00,0.955,4,12,0,0.0,0.28,0.6,15.9,71.2,1
2025-02-15,06:00,0.69,2,6,0,0.0,0.24,0.57,17.7,69.1,1
2025-02-15,07:00,0.496,3,2,0,0.0,0.29,0.29,20.1,59.8,1
2025-02-15,08:00,0.504,4,0,0,0.0,0.31,0.75,20.3,63.6,1
2025-02-15,09:00,1.559,2,2,0,0.0,1.0,0.4,19.7,78.9,1
2025-02-15,10:00,0.996,3,4,2,0.0,0.94,0.62,19.7,54.8,1
2025-02-15,11:00,0.59,4,1,1,0.0,0.44,0.41,21.9,64.0,1
2025-02-15,12:00,0.678,2,2,1,0.0,0.37,0.57,22.4,56.9,1
2025-02-15,13:00,0.79,3,5,1,0.0,0.94,0.22,20.2,57.5,1
2025-02-15,14:00,1.061,5,7,2,0.0,0.56,0.63,22.5,64.7,1
2025-02-15,15:00,0.995,4,3,3,0.0,0.66,0.79,20.7,65.9,1
2025-02-15,16:00,0.845,2,2,1,0.0,0.7,0.68,21.9,91.2,1
2025-02-15,17:00,0.799,4,3,2,0.0,0.98,0.3,22.0,46.2,1
2025-02-15,18:00,1.204,4,11,3,0.0,0.86,0.64,22.1,57.6,1
2025-02-15,19:00,0.655,3,4,0,0.0,0.65,0.47,22.9,70.3,1
2025-02-15,20:00,0.698,2,3,1,0.0,0.48,0.63,21.9,73.1,1
2025-02-15,21:00,0.841,2,5,0,0.0,0.66,0.69,22.8,62.8,1
2025-02-15,22:00,0.715,2,5,0,0.0,0.49,0.47,20.9,63.9,1
2025-02-15,23:00,0.753,2,4,1,0.0,0.01,0.66,20.3,68.2,1
2025-02-16,00:00,0.648,3,4,2,0.0,0.16,0.21,15.0,74.5,1
2025-02-16,01:00,0.859,3,7,0,0.0,0.05,0.66,16.4,71.3,1
2025-02-16,02:00,0.685,2,6,1,0.0,0.32,0.25,15.0,72.0,1
2025-02-16,03:00,0.912,4,9,2,0.0,0.09,0.69,15.1,62.0,1
2025-02-16,04:00,0.558,4,5,0,0.0,0.26,0.36,15.4,60.3,1
2025-02-16,05:00,1.187,4,13,3,0.0,0.04,0.82,16.2,62.9,1
2025-02-16,06:00,0.737,5,6,1,0.0,0.01,0.72,15.6,84.5,1
2025-02-16,07:00,0.596,2,1,0,0.0,0.22,0.59,19.0,70.3,1
2025-02-16,08:00,0.803,3,4,1,0.0,0.18,0.75,17.4,66.2,1
2025-02-16,09:00,0.842,2,0,1,0.0,0.7,0.81,19.9,65.7,1
2025-02-16,10:00,0.719,4,3,0,0.0,0.45,0.78,19.0,41.3,1
2025-02-16,11:00,0.654,3,3,2,0.0,0.7,0.29,20.7,73.9,1
2025-02-16,12:00,0.675,2,1,0,0.0,0.87,0.4,22.3,68.9,1
2025-02-16,13:00,0.703,3,2,0,0.0,0.66,0.63,20.5,67.2,1
2025-02-16,14:00,1.121,4,4,3,0.0,0.99,0.66,20.8,54.4,1
2025-02-16,15:00,0.897,3,4,0,0.0,0.83,0.84,22.4,64.5,1
2025-02-16,16:00,0.901,3,3,2,0.0,0.87,0.44,20.2,64.1,1
2025-02-16,17:00,0.655,3,0,2,0.0,0.37,0.55,23.0,80.3,1
2025-02-16,18:00,0.866,4,12,0,0.0,0.95,0.22,21.7,71.5,1
2025-02-16,19:00,0.666,2,4,0,0.0,0.56,0.29,21.7,51.3,1
2025-02-16,20:00,0.798,2,5,1,0.0,0.55,0.44,21.8,60.7,1
2025-02-16,21:00,1.099,4,12,2,0.0,0.33,0.76,21.7,72.6,1
2025-02-16,22:00,0.907,2,4,0,0.0,0.52,0.62,21.9,65.6,1
2025-02-16,23:00,0.949,4,5,3,0.0,0.07,0.69,18.9,52.5,1
2025-02-17,00:00,0.736,2,3,0,0.0,0.19,0.81,16.7,53.9,0
2025-02-17,01:00,0.558,2,4,1,0.0,0.17,0.25,17.8,60.5,0
2025-02-17,02:00,0.785,2,4,0,0.0,0.25,0.75,16.5,55.8,0
2025-02-17,03:00,0.408,1,3,0,0.0,0.21,0.41,16.5,68.2,0
2025-02-17,04:00,0.433,2,2,0,0.0,0.16,0.36,19.0,71.4,0
2025-02-17,05:00,0.872,3,10,2,0.0,0.26,0.44,18.6,63.1,0
2025-02-17,06:00,0.806,2,2,1,0.0,0.22,0.81,17.8,81.7,0
2025-02-17,07:00,0.727,4,6,1,0.0,0.35,0.57,15.9,70.8,0
2025-02-17,08:00,0.609,2,3,0,0.0,0.35,0.37,18.8,47.5,0
2025-02-17,09:00,0.716,1,0,0,0.0,0.33,0.39,19.2,58.5,0
2025-02-17,10:00,3.263,1,0,0,1.0,0.76,0.79,20.2,77.9,0
2025-02-17,11:00,0.622,1,0,0,0.0,0.96,0.39,19.7,74.9,0
2025-02-17,12:00,0.417,0,0,0,0.0,0.0,0.24,21.0,66.1,0
2025-02-17,13:00,0.345,0,0,0,0.0,0.0,0.24,22.8,59.2,0
2025-02-17,14:00,0.248,0,0,0,0.0,0.0,0.11,23.7,65.1,0
2025-02-17,15:00,0.247,0,0,0,0.0,0.0,0.17,20.0,60.8,0
2025-02-17,16:00,0.536,1,0,0,0.0,0.91,0.3,21.8,70.8,0
2025-02-17,17:00,0.368,0,1,0,0.0,0.0,0.1,24.3,48.3,0
2025-02-17,18:00,0.704,1,2,0,0.0,0.66,0.75,24.9,50.7,0
2025-02-17,19:00,0.743,1,2,0,0.0,1.0,0.25,22.4,65.9,0
2025-02-17,20:00,0.932,2,5,1,0.0,0.59,0.71,23.1,58.5,0
2025-02-17,21:00,0.681,2,3,1,0.0,0.51,0.37,21.0,50.8,0
2025-02-17,22:00,0.839,2,5,0,0.0,0.47,0.71,22.0,52.7,0
2025-02-17,23:00,0.788,3,7,1,0.0,0.15,0.6,20.8,40.8,0
2025-02-18,00:00,0.635,3,6,1,0.0,0.05,0.38,15.9,75.2,0
2025-02-18,01:00,3.34,2,5,1,1.0,0.31,0.81,16.3,40.9,0
2025-02-18,02:00,0.539,2,2,1,0.0,0.29,0.22,15.9,50.7,0
2025-02-18,03:00,0.556,2,2,1,0.0,0.08,0.41,16.7,56.1,0
2025-02-18,04:00,0.875,2,2,1,0.0,0.03,0.84,17.3,57.3,0
2025-02-18,05:00,0.845,3,8,2,0.0,0.25,0.61,16.6,65.3,0
2025-02-18,06:00,0.567,1,2,0,0.0,0.16,0.42,17.3,65.1,0
2025-02-18,07:00,0.563,2,0,1,0.0,0.18,0.56,20.3,64.3,0
2025-02-18,08:00,0.809,3,5,0,0.0,0.33,0.82,18.9,73.9,0
2025-02-18,09:00,0.286,0,0,0,0.0,0.0,0.16,18.5,70.9,0
2025-02-18,10:00,0.295,0,0,0,0.0,0.0,0.11,21.6,83.1,0
2025-02-18,11:00,0.551,1,0,0,0.0,0.68,0.34,21.3,56.5,0
2025-02-18,12:00,0.389,0,1,0,0.0,0.0,0.15,21.7,53.7,0
2025-02-18,13:00,0.18,0,0,0,0.0,0.0,0.1,22.5,57.0,0
2025-02-18,14:00,0.609,2,2,1,0.0,0.46,0.25,21.6,77.0,0
2025-02-18,15:00,0.206,0,0,0,0.0,0.0,0.1,23.1,60.0,0
2025-02-18,16:00,0.416,0,0,0,0.0,0.0,0.19,21.9,50.5,0
2025-02-18,17:00,0.259,0,0,0,0.0,0.0,0.16,21.9,44.8,0
2025-02-18,18:00,0.637,2,2,1,0.0,0.81,0.35,21.9,62.3,0
2025-02-18,19:00,0.773,3,7,1,0.0,0.46,0.44,23.0,60.7,0
2025-02-18,20:00,0.972,3,9,2,0.0,0.64,0.64,24.7,54.4,0
2025-02-18,21:00,0.967,3,8,1,0.0,0.61,0.37,21.3,67.6,0
2025-02-18,22:00,0.959,3,5,1,0.0,0.39,0.82,23.2,83.6,0
2025-02-18,23:00,0.673,2,3,1,0.0,0.14,0.59,19.5,62.9,0
2025-02-19,00:00,0.664,3,6,0,0.0,0.02,0.54,15.0,57.8,0
2025-02-19,01:00,0.974,3,7,2,0.0,0.04,0.88,16.9,59.0,0
2025-02-19,02:00,0.606,4,4,1,0.0,0.27,0.43,16.8,74.8,0
2025-02-19,03:00,0.823,2,6,1,0.0,0.14,0.7,17.9,71.5,0
2025-02-19,04:00,0.708,2,4,0,0.0,0.0,0.79,17.4,73.5,0
2025-02-19,05:00,0.5,2,2,1,0.0,0.24,0.22,15.9,67.1,0
2025-02-19,06:00,0.55,2,6,1,0.0,0.3,0.25,18.5,55.6,0
2025-02-19,07:00,0.595,2,3,0,0.0,0.21,0.47,18.5,80.9,0
2025-02-19,08:00,0.534,2,2,0,0.0,0.16,0.27,20.5,49.6,0
2025-02-19,09:00,0.363,0,0,0,0.0,0.0,0.21,19.4,57.5,0
2025-02-19,10:00,0.673,1,1,0,0.0,0.8,0.52,17.4,86.6,0
2025-02-19,11:00,0.358,0,0,0,0.0,0.0,0.19,20.6,52.3,0
2025-02-19,12:00,0.67,2,2,0,0.0,0.58,0.79,20.4,60.7,0
2025-02-19,13:00,0.32,0,0,0,0.0,0.0,0.1,21.2,73.5,0
2025-02-19,14:00,0.18,0,0,0,0.0,0.0,0.16,19.9,51.8,0
2025-02-19,15:00,0.723,1,1,0,0.0,0.94,0.5,22.2,50.8,0
2025-02-19,16:00,0.452,0,0,0,0.0,0.0,0.24,22.5,62.9,0
2025-02-19,17:00,0.243,0,0,0,0.0,0.0,0.1,24.1,52.1,0
2025-02-19,18:00,0.868,3,5,0,0.0,0.92,0.59,24.4,60.0,0
2025-02-19,19:00,0.528,2,5,0,0.0,0.45,0.43,23.3,69.2,0
2025-02-19,20:00,1.096,1,16,0,0.0,0.52,0.33,25.1,59.4,0
2025-02-19,21:00,0.706,1,2,0,0.0,0.35,0.65,22.9,70.7,0
2025-02-19,22:00,0.658,1,1,0,0.0,0.6,0.71,21.8,63.6,0
2025-02-19,23:00,0.504,2,5,0,0.0,0.08,0.32,23.1,48.0,0
